Smiles,pChEMBL_Value
O=C(Nc1ccc(-c2nnc3n2-c2cccnc2Nc2ccccc2-3)cc1)c1ccc(F)c(F)c1,6.82
CNC(=O)c1nc(-c2ccc(Cl)c(S(=O)(=O)Nc3ccccc3Cl)c2)cnc1N,6.29
C[C@H](Nc1ncnc(N)c1F)c1nn2cccc2c(=O)n1-c1ccccc1,6.68
CC(=O)OC(C)(C)C(=O)Nc1cccc(-c2ccc3nc(-c4cccnc4N)n(-c4ccc(C5(N)CCC5)cc4)c3n2)c1,8.35
CCNCCn1cc(-c2ccc(F)c(C(F)(F)F)c2)nc1C1CCN(c2ncnc(N)c2OC(C)C)CC1,9.28
CC1Cc2c(ccc(F)c2F)N1C(=O)Cc1nc(N2CCOCC2)c(F)c(=S)[nH]1,7.96
Nc1ncnc(N2CCC(c3nc(-c4ccnc(C(F)(F)F)c4)cn3CCNC3CC3)CC2)c1Cl,8.44
Cc1nc(NC(=O)N2CCC[C@H]2C(N)=O)sc1-c1ccnc(C(C)(C)C(F)(F)F)c1,7.13
O=C(Cc1nc(N2CCOCC2)cc(=O)[nH]1)N1CC2(CCOCC2)c2ccccc21,6.81
Cn1c(=O)n(C2CCC2)c2c3cc(-c4ccc(OCCCN5CCCC5)nc4)ccc3ncc21,5.14
CCc1c(N)ncnc1N1CCC(c2nc(-c3ccc(F)c(F)c3)cn2CCN2CCOCC2)CC1,6.43
CN(C)C(=O)c1cc(C2CCCN2c2cc(F)cc(F)c2)c2nc(N3CCOCC3)cnc2c1,8.87
CS(=O)(=O)c1cccc(-c2cn(CCN3CCC3)c(C3CCN(c4ncnc(N)c4C(N)=O)CC3)n2)c1,6.25
COCCNCCn1cc(-c2ccc(F)c(C(F)(F)F)c2)nc1C1CCN(c2ncnc(N)c2C#N)CC1,8.6
Cn1c(CC(=O)N2CCc3c(F)cccc32)nc(N2CCOCC2)cc1=S,7.51
O=C(c1cc([C@H]2CCCN2c2cc(F)cc(F)c2)c2oc(N3CCOCC3)cc(=O)c2c1)N1CCOCC1,8.96
Cc1nc(-c2nc[nH]n2)ccc1-c1cnc2c(n1)N(C1CCOCC1)C(=O)CN2,7.46
Cn1ccc(S(=O)(=O)NCc2ccc(-c3nnc4n3-c3cccnc3Nc3ccccc3-4)cc2)n1,6.92
CC1Cc2cc(F)c(F)cc2N1C(=O)Cc1nc(N2CCOCC2)cc(=O)[nH]1,8.7
CN1CCN(c2ccc(-c3cnc4[nH]c5ccc(C#N)nc5c4c3)cc2)CC1,6.17
Cn1c(=O)n([C@H]2CCCOC2)c2c3cc(-c4ccc(OCCCN5CCCC5)nc4)c(F)cc3ncc21,4.74
O=c1cc(N2CCOCC2)nc(Cc2nc3c(-c4ccccn4)cccc3o2)[nH]1,6.95
CNc1nc2ccccc2n1-c1nc(N2CCOC[C@H]2C)cc(C2([S@](C)(=N)=O)CC2)n1,5.01
CNCCn1cc(-c2ccc(F)c(C)c2)nc1C1CCN(c2ncnc(N)c2C#N)CC1,8.77
COc1cc(F)ccc1NC(=O)Cc1nc(N2CCOCC2)cc(=O)[nH]1,6.58
CC1Cc2c(ccc(F)c2F)N1C(=O)Cc1nc(N2CCOCC2)c(F)c(=O)[nH]1,8.7
CCNc1cnc2[nH]c3cnc(C#N)cc3c2c1,7.25
O=C(Cc1nc(N2CCOC(CO)C2)cc(=O)[nH]1)N1CCc2c(F)cccc21,5.88
O=S(=O)(Nc1cc(-c2ccc3nccc(N4CCN(Cc5ccncc5)CC4)c3c2)cnc1Cl)c1ccc(F)cc1,7.75
CCC[C@H](NC(=O)[C@H](CCCNC(=N)N)NC(=O)[C@H](CN)NC(=O)[C@@H](N)CCCNC(=N)N)C(=O)N[C@@H](Cc1ccc(O)cc1)C(=O)N[C@@H](CN)C(=O)N[C@@H](CCC(C)C)C(N)=O,6.07
CC(=O)Nc1ccc2ccn(-c3cc(Nc4ccn(C)n4)n4ncc(C#N)c4n3)c2c1,7.8
CCCCCCCCCCCCC[C@@]1(C(=O)OCC)CCC[C@@H]1OP(=O)([O-])OCC[N+](C)(C)C,5.21
COC(=O)c1sccc1S(=O)(=O)NC1CCN(Cc2ccc(-c3nnc4n3-c3cccnc3Nc3ccccc3-4)cc2)CC1,6.1
O=C(C1c2ccccc2CN1C(=O)c1cc(Cl)c(O)cc1O)N1CCCC1,6.22
Cc1nc(N)nc2c1cc(-c1cnn(C)c1)c(=O)n2[C@H]1CC[C@@H](OCO)CC1,6.51
N[C@@H](Cc1cccc2ccccc12)C(=O)Nc1cncc(/C=C/c2ccncc2)c1,6.17
CC(C)CNCc1ccc(-c2nnc3n2-c2cccnc2Nc2ccccc2-3)cc1,5.19
Cc1nc(N)nc2c1cc(-c1cn[nH]c1)c(=O)n2NCC(C)C,6.06
COc1cc(NC(=O)Cc2nc(N3CCOCC3)cc(=O)n2C)ccc1F,7.0
COC(=O)N1CCC(n2c(=O)n(C)c3cnc4ccc(-c5ccc(OC)nc5)cc4c32)CC1,7.14
CCOc1c(N)ncnc1N1CCC(c2nc(-c3ccc(F)c(Cl)c3)cn2CCN2CCCC2)CC1,8.68
CN1CCN(c2cccc3c2CCN3C(=O)Cc2nc(N3CCOCC3)cc(=O)[nH]2)CC1,6.78
COc1ncc(Nc2ncc([C@H](C)N3CCN(S(C)(=O)=O)CC3)cc2-c2nc(C)nc(N)n2)cc1F,8.15
CCNC(=O)Nc1ccc(-c2nc(N3CCOC[C@@H]3C)c3c(n2)[C@@](C)(CCO)OC3)cc1,7.72
CCNC(=O)Nc1ccc(-c2nc(N3C[C@@H]4CC[C@H](C3)O4)c3c(n2)[C@](C)(CCO)OC3)cc1,8.85
OCc1cc2c(cn1)[nH]c1ncc(-c3ccc(CN4CCCCC4)cc3)cc12,7.74
Cc1c(N)ncnc1N1CCC(c2nc(-c3ccc(F)c(C(F)(F)F)c3)cn2CCN2CCCC2)CC1,8.0
CCOCCc1c(N)ncnc1N1CCC(c2nc(-c3ccc(F)c(C(F)(F)F)c3)cn2CCN(C)C)CC1,6.47
CCn1nnc2c(N3CCOCC3)nc(-c3ccc(NC(=O)Nc4ccc(C(=O)NCCN(C)C)cc4)cc3)nc21,7.8
N[C@H](COc1cncc(Nc2cccnc2)c1)Cc1c[nH]c2ccccc12,5.67
COc1cccc(S(=O)(=O)NCc2ccc(-c3nnc4n3-c3cccnc3Nc3ccccc3-4)cc2)c1,6.85
Cn1c(CC(=O)Nc2ccc(F)c(C3CC3)c2)nc(N2CCOCC2)cc1=O,7.58
CCc1ccc(OC(C)=O)c(Cc2cc(CCCl)ccc2OC(C)=O)c1,4.6
Nc1ncc(-c2cn3cc(C(=O)NCCN4CCOCC4)nc3c(N3CCOCC3)n2)cn1,7.46
Cc1csc2cc([C@H](C)Nc3ncnc(N)c3C#N)c(-c3cccc(CN(C)CCCN(C)Cc4ccc(Cl)cc4)c3)c(=O)n12,8.5
CNC(=O)c1cc([C@@H](C)Nc2cc(F)cc(F)c2)c2oc(N3CCOCC3)cc(=O)c2c1,8.52
CC1CN(c2cc(=O)[nH]c(CC(=O)N3c4ccccc4C[C@@H]3C)n2)CCO1,7.62
CC1Cc2c(F)cccc2N1C(=O)Cc1nc(N2CCOCC2)c(F)c(=O)n1C,7.01
O=c1cc(N2CCOCC2)nc(Cc2nc3c(-c4cccnc4)cccc3o2)[nH]1,7.36
COc1ccc(Nc2nc3ccc(N4CCNCC4)cn3c2-c2nc(C)nc(N)n2)cn1,7.16
COCCN(C)C(=O)c1cc(C(C)Nc2cc(F)cc(F)c2)c2oc(N3CCOCC3)cc(=O)c2c1,7.77
Cc1cc(-c2nc(N3CCOCC3)nc(N3CCOCC3)n2)cnc1N,5.79
O=C(c1cc(C2CCCN2c2ccc(F)cc2)c2oc(N3CCOCC3)cc(=O)c2c1)N1CCOCC1,8.35
NCCCC(NC(=O)c1cc(Br)c(-c2ccnc3[nH]ccc23)s1)c1ccccc1,5.32
COc1ccc(N2CCc3ncnc(-c4cccc(C(=O)N5CCN(C(C)=O)CC5)c4)c3C2)cn1,5.58
CCc1c(N)ncnc1N1CCC(c2nc(-c3ccc(F)c(C)c3)cn2CCN(C)C)CC1,7.64
O=C(O)c1sc(N2CCOCC2)nc1CC(=O)N1CCc2c(Br)cccc21,5.75
CC(C)[C@H](NC(=O)c1ccc(N(CC(=O)NC(C)(C)C)C(=O)CCCCNC(=N)N)cc1)C(=O)N[C@@H](Cc1ccccc1)C(=O)NCc1ccccc1,4.24
O=S(=O)(Nc1cc(-c2ccc3ncc(N4CCC(F)(F)CC4)nc3c2)cnc1Cl)c1ccc(F)cc1,6.72
COc1ccccc1NC(=O)NC1CCN(Cc2ccc(-c3nnc4n3-c3cccnc3Nc3ccccc3-4)cc2)CC1,6.16
COc1cc(-c2nc(C)nc3[nH]cc(C#N)c23)c(Cl)cc1Cl,6.0
COc1ccc(Nc2nc3ccccn3c2-c2nc(C)nc(N)n2)cn1,7.4
Cc1n[nH]c2cnc(-c3cncc(OC[C@@H](N)Cc4ccc(Br)cc4)c3)cc12,8.3
Nc1ccc(-c2cncc(OC[C@@H](N)Cc3c[nH]c4ccccc34)c2)cc1C(=O)c1cccc(Cl)c1,5.84
Cc1ccc(C(=O)Nc2ccc(-c3nnc4n3-c3cccnc3Nc3ccccc3-4)cc2)cc1,7.0
CCn1c(-c2nonc2N)nc2c(C#CC(C)(C)O)nc(O[C@H](CCN)c3ccccc3)cc21,8.4
NC[C@H](Cc1cccc(C(F)(F)F)c1)NC(=O)c1cc(Br)c(-c2ccnc3[nH]ccc23)s1,6.77
CCc1c(N)ncnc1N1CCC(c2nc(-c3ccc(F)c(F)c3)cn2CCN2CC3(COC3)C2)CC1,6.59
O=C(NC1(c2ccc(-c3nnc4n3-c3cccnc3Nc3ccccc3-4)cc2)CCC1)c1ccc(F)cc1,6.21
Cc1cc(-c2ccc3nc(Nc4cc[nH]n4)c(-c4nc(C)nc(N)n4)n3c2)on1,8.15
Cc1c(Cn2c(C)nn3c(=O)nc(N4CCOCC4)cc23)cccc1C(F)(F)F,7.04
CONc1cc(C(F)(F)F)c(-c2nc(N3CCOCC3)nc(N3CCOCC3)n2)cn1,5.48
CCc1c(N)ncnc1N1CCC(c2nc(-c3ccc(F)c(F)c3)cn2CCN2CCC3(COC3)C2)CC1,7.05
Cc1noc(C2CCCN(Cc3ccc(-c4nnc5n4-c4cccnc4Nc4ccccc4-5)cc3)C2)n1,6.39
CC1Cc2c(Cl)cccc2N1C(=O)Cc1nc(N2CCOCC2)sc1C(N)=O,7.89
OC1CCCN(Cc2ccc(-c3nnc4n3-c3cccnc3Nc3ccccc3-4)cc2)C1,5.24
NC(=O)c1c(N)ncnc1N1CCC(c2nc(-c3ccc(F)c(C(F)(F)F)c3)cn2CC2CCN2)CC1,6.66
O=S(=O)(Nc1cc(-c2ccc3ncc(N4CCOCC4)nc3c2)cnc1Cl)c1ccc(F)cc1,7.7
CC(C)=C1C(=O)Nc2ccc(-c3cncc(OC[C@@H](N)Cc4c[nH]c5ccccc45)c3)cc21,7.1
CC(C)Nc1ccc2ccn(-c3cncc(-c4ccc(C(=O)O)cc4)n3)c2c1,7.02
O=c1cc(N2CCOCC2)nc(Cc2nc3cc(Br)ccc3[nH]2)[nH]1,7.07
CCOc1c(N)ncnc1N1CCC(c2nc(-c3ccc(F)c(C)c3)cn2CC2CNC2)CC1,8.18
CN(C)CCn1cc(-c2ccc(F)c(C(F)(F)F)c2)nc1C1CCN(c2ncnc(N)c2C#N)CC1,8.04
CC1Cc2c(ccc(F)c2Cl)N1C(=O)Cc1nc(N2CCOCC2)c(F)c(=O)[nH]1,8.7
Cc1cc(-c2cn(CCN3CCCC3)c(C3CCN(c4ncnc(N)c4C(N)=O)CC3)n2)ccc1F,8.0
CN(C)C(=O)c1cc(CN2CCOc3ccc(F)cc32)c2oc(N3CCOCC3)cc(=O)c2c1,7.43
CCS(=O)(=O)C1(c2cc(-c3cnc(N)cc3C(F)(F)F)nc(N3CCOCC3)n2)CC1,6.52
Nc1cc2cc(-c3cncc(OC[C@@H](N)Cc4c[nH]c5ccccc45)c3)ccc2cn1,8.47
CO[C@@H]1CC[C@H](n2c(=O)n(C)c3cnc4cc(F)c(-c5ccc(OCCCN(C)C)nc5)cc4c32)C1,4.82
CCCCc1ccc(-c2ccc(-c3cc(C(F)(F)F)nn3-c3ccc(S(N)(=O)=O)cc3)cc2)cc1,4.5
CNCc1cccc(-c2ccc3c(N4CCOCC4)nc(N4C[C@H](C)O[C@H](C)C4)nc3n2)c1,6.52
CCn1c(-c2nonc2N)nc2c(C#CC(C)(C)O)ncc(OC[C@@H]3CCCNC3)c21,6.4
Cc1cc(-c2cn(CCNC3CCCC3)c(C3CCN(c4ncnc(N)c4C(N)=O)CC3)n2)ccc1F,8.25
CCNC(=O)Nc1ccc(-c2nc(N3CCOC[C@@H]3C)c3c(n2)[C@@](C)(CC(C)(C)O)OC3)cc1,7.72
C#Cc1cc(NC(=O)Cc2nc(N3CCOCC3)cc(=O)[nH]2)ccc1F,7.85
O=C1CN(CCC2CCOCC2)c2nc(-c3ccc(-c4nc[nH]n4)nc3)cnc2N1,7.62
CCc1nc2ccccc2n1-c1nc(N2CCOCC2)c2sc(CN3CCN(S(C)(=O)=O)CC3)cc2n1,7.1
CO[C@H]1CC[C@@H](N2CC(=O)Nc3ncc(-c4ccc(-c5nc[nH]n5)nc4C)nc32)CC1,6.88
CNC(=O)N1Cc2nc(N)nc(-c3c(Cl)cc(Cl)cc3OCCn3cccn3)c2C1,6.27
CCNC(=O)Nc1ccc(-c2nc(N3CCOC[C@@H]3C)c3c(n2)C(C)(C)OC3)cc1,8.34
O=C(Cc1nc(N2CCOCC2)cc(=O)[nH]1)Nc1ccc(F)cc1Br,6.88
Nc1ncnc(N2CCC(c3nc(-c4ccc(F)c(C(F)(F)F)c4)cn3CCN3CCC3)CC2)c1-c1ccc(F)cc1,8.64
CCCCCCCCCC(=O)Nc1ccc(S(=O)(=O)Nc2nncs2)cc1,5.0
CCN1CCc2cc(-c3cnc4[nH]c5cnc(C#N)cc5c4c3)ccc2C1,8.64
NC(=O)c1ccc(-n2nc(C(F)(F)F)cc2-c2ccc3c(ccc4ccccc43)c2)cc1,4.92
[C-]#[N+]C1(c2ccccc2)CCN(Cc2ccc(-c3nnc4n3-c3cccnc3Nc3ccccc3-4)cc2)CC1,5.14
COC(=O)c1ccc(C2CCCN2C(=O)c2cc(Cl)c(O)cc2O)c(C)c1,6.0
CC(=O)OC[C@H]1O[C@@H](NC(=O)CCCn2[se]c3ccccc3c2=O)[C@H](OC(C)=O)[C@@H](OC(C)=O)[C@@H]1OC(C)=O,6.1
NC(=O)c1c(N)ncnc1N1CCC(c2nc(-c3cc[nH]c(=O)c3)cn2CCN2CCC2)CC1,5.24
CCCC(=O)Nc1ccc(-c2nnc3n2-c2cccnc2Nc2ccccc2-3)cc1,6.14
Cc1nc(N)nc(-n2c(Nc3ccn(C)n3)nc3ccccc32)n1,6.24
Cc1cc(C)cc(C(=O)NC(=S)Nc2c(O)cc(C)c(Cl)c2C)c1,4.76
Cc1nc(-c2cn3c(n2)-c2ccc(-c4cnn(C5CN(CCO)C5)c4)cc2OCC3)n(C(C)C)n1,8.85
Cc1nccc(-n2c(Nc3cccc(O)c3)nc3ccccc32)n1,6.22
Nc1cc(CF)c(-c2nc(N3CCOCC3)nc(N3CCOCC3)n2)cn1,6.4
Cn1cc(-c2ccc(F)c(C(F)(F)F)c2)nc1C1CCN(c2ncnc(N)c2-c2cccnc2)CC1,6.06
COc1cc2ncc3c(N)nc(-c4cncc(OC[C@@H](N)Cc5ccc(F)cc5)c4)cc3c2cc1OC,6.74
N[C@H](COc1cncc(-c2ccc3[nH]nc(-c4ccccc4)c3c2)c1)Cc1c[nH]c2ccccc12,8.41
CC(C)(c1ccc(-c2cnc3[nH]c4cnc(C#N)cc4c3c2)cc1)N1CCCCC1,7.99
Cn1c(CC(=O)N2CCc3c(OC(F)F)cccc32)nc(N2CCOCC2)cc1=O,7.22
Cc1ccc(-c2cc(C(F)(F)F)nn2-c2ccc(S(N)(=O)=O)cc2)cc1,4.32
CCc1cc(-c2cn(CCN3CCC3)c(C3CCN(c4ncnc(N)c4C(N)=O)CC3)n2)ccn1,6.35
CNc1ncnc(N2CCC(c3nc(-c4ccnc(C(F)(F)F)c4)cn3CCN3CCC3)CC2)c1Cl,5.14
Cc1ncc(-c2c(N)ncnc2N2CCC(c3nc(-c4ccc(F)c(C(F)(F)F)c4)cn3C)CC2)s1,6.07
CN(C)C(=O)c1cc([C@H]2CCCN2c2ccc(F)cc2)c2oc(N3CCOCC3)cc(=O)c2c1,8.47
Cc1c(F)cccc1NCc1cc(C(=O)NCCN(C)C)cc2ncc(N3CCOCC3)nc12,8.05
CC(C)Nc1ccc2cnn(-c3cncc(-n4ccc(CC(=O)O)c4)n3)c2c1,5.57
C[C@H](Nc1ncnc(N)c1C#N)c1nn2cccc2c(=O)n1-c1ccccc1,8.33
COc1ncccc1-c1ccc2nc(Nc3cc[nH]n3)c(-c3nc(C)nc(N)n3)n2c1,6.86
Cc1nc(N)nc(-n2c(Nc3n[nH]c4ccccc34)nc3ccccc32)n1,6.6
N[C@H](COc1cncc(-c2cc3c(Cl)n[nH]c3cn2)c1)Cc1ccccc1,7.23
CNC(=O)c1ccc2c(c1)OCCn1cc(-c3ncnn3C(C)C)nc1-2,6.29
NC1(c2ccc(-c3ncc4ccncc4c3-c3ccccc3)cc2)CCC1,7.27
Cn1cc(-c2ccc(F)c(C(F)(F)F)c2)nc1C1CCN(c2ncnc(N)c2-c2cncnc2)CC1,6.36
O=C(Cc1nc(N2CCOCC2)cc(=O)[nH]1)N1CCCc2c(Cl)cccc21,7.39
CCc1ncc(OC[C@@H](N)Cc2c[nH]c3ccccc23)cc1-c1ccc2cnccc2c1,9.1
CC(=O)Nc1ccc2ccn(-c3cc(NC4COC4)n4ncc(C#N)c4n3)c2c1,7.24
C[C@@H]1CCN(C(=O)Nc2nc3c(s2)-c2nc(C(C)(C)C)sc2CC3)[C@@H]1C(N)=O,8.0
Cc1csc2cc([C@H](C)Nc3ncnc(N)c3C#N)c(Cc3cccc(CN4CCC4)c3)c(=O)n12,8.6
COc1ncc(Nc2ncc([C@H](C)O)cc2-c2nc(C)nc(N)n2)cc1F,7.58
O=C(c1ccco1)N1CCN(Cc2ccc(-c3nnc4n3-c3cccnc3Nc3ccccc3-4)cc2)CC1,5.85
O=C(Nc1ccc(-c2nnc3n2-c2cccnc2Nc2ccccc2-3)cc1)c1ccc2ccccc2c1,6.17
Cc1nc(-c2nc[nH]n2)ccc1-c1cnc2c(n1)N(CCC1CCOCC1)C(=O)CN2,8.22
O=C(Cc1nc(N2CCOC3CCCC32)cc(=O)[nH]1)N1CCc2c(F)cccc21,7.92
c1ccc2c(c1)Nc1ncccc1-n1c(-c3ccc(CN4CCC(c5c[nH]c6ccccc56)CC4)cc3)nnc1-2,6.3
CC(C)S(=O)(=O)Nc1cccc(-c2ccc3c(N4CCOC[C@@H]4C)nc(N4CCOC[C@@H]4C)nc3n2)c1,6.3
CCc1cc(Nc2ncc(C(C)(C)O)cc2-c2nc(C)nc(N)n2)cnc1OC,6.33
O=C(Cc1nc(N2CCOCC2)cc(=O)[nH]1)N1CCc2c(N3CCOCC3)cccc21,6.96
Cc1csc2cc([C@H](C)Nc3ncnc(N)c3C#N)c(-c3cccc(CN(C)CCCCN4C[C@H](C)O[C@H](C)C4)c3)c(=O)n12,8.2
Cc1nc(N)nc(-n2c(NC3CCOCC3)nc3ccccc32)n1,6.17
O=C(NCc1ccc(-c2nnc3n2-c2cccnc2Nc2ccccc2-3)cc1)c1ccc(F)cc1,6.52
O=C(Cc1ccccc1)Nc1ccc(-c2nnc3n2-c2cccnc2Nc2ccccc2-3)cc1,6.62
O=C(Cc1nc(N2CCOCC2)cc(=O)[nH]1)Nc1ccc(F)cn1,7.15
CCC[C@H]1O[C@H](CC(=O)O)CC2=C1C(=O)c1c(O)cccc1C2=O,6.37
Cc1ccc2[nH]c(Cc3nc(N4CCOCC4)cc(=O)[nH]3)nc2c1,6.85
O=C(CSc1nnc(COc2ccc3c(c2)CCCC3)o1)Nc1ncc([N+](=O)[O-])s1,4.35
CN(CCn1cc(-c2ccc(F)c(C(F)(F)F)c2)nc1C1CCN(c2ncnc(N)c2C(N)=O)CC1)Cc1ccccc1,6.12
COc1c(N)ncnc1N1CCC(c2nc(-c3ccc(F)c(C)c3)cn2CC2CNC2)CC1,8.64
CCc1n[nH]c2ccc(-c3cncc(OC[C@@H](N)Cc4c[nH]c5ccccc45)c3)cc12,8.94
Cn1ccc(-c2cnc3[nH]c4cnc(C#N)cc4c3c2)n1,7.47
CS(=O)(=O)C1(c2cc(N3CCOCC3)nc(-c3cccc4[nH]ccc34)n2)CC1,5.5
Nc1ncnc(N2CCC(c3nc(-c4ccc(F)c(C(F)(F)F)c4)cn3CCN3CCC3)CC2)c1C=O,8.85
O=C(Cc1nc(N2CCOCC2)cc(=O)[nH]1)Nc1ccc(Cl)cc1,5.85
C[C@H](Nc1ncnc(N)c1C#N)c1nn2ccc(CO)c2c(=O)n1-c1ccccc1,7.46
c1ccc2c(c1)Nc1ncccc1-n1c(-c3ccc(C4CCCN4)cc3)nnc1-2,5.96
CN(C)CCn1cc(-c2ccc(F)c(C(F)(F)F)c2)nc1C1CCN(c2ncnc(N)c2-c2ccc(C(C)(C)O)cc2)CC1,6.72
COC(OC)c1cc(N)ncc1-c1nc(N2CCOCC2)nc(N2CCOCC2)n1,5.92
Nc1nc2ccc(-c3cncc(NS(=O)(=O)c4ccc(Cl)cc4)c3)cn2n1,5.7
NC(=O)c1c(N)ncnc1N1CCC(c2nc(-c3ccccc3)cn2CCN2CCC2)CC1,5.72
CC(=O)Nc1ccc(S(=O)(=O)NCc2ccc(-c3nnc4n3-c3cccnc3Nc3ccccc3-4)cc2)cc1,6.85
CS(=O)(=O)Cc1cc(N2CCOCC2)nc(-c2ccc3[nH]cnc3c2)n1,5.14
CC(C)(O)Cn1cc(-c2ccc3c(c2)OCCc2sc(-c4ncnn4CC(F)(F)F)nc2-3)cn1,6.91
CS(=O)(=O)C1(c2cc(-c3cnc(N)cc3C(F)(F)F)nc(N3CCOCC3)n2)CCCC1,6.42
NC(=O)c1sc(N2CCOCC2)nc1CC(=O)N1CCc2cc(Br)ccc21,6.38
CCC[C@@H]1NC(=O)[C@H](CCCNC(=N)N)NC(=O)CN(C(=O)[C@@H](N)CCCNC(=N)N)CCNC(=O)NCCCCCCN(CC(N)=O)C(=O)[C@H](CCC(C)C)NC(=O)[C@H](CN)NC(=O)[C@H](Cc2ccc(O)cc2)NC1=O,6.54
O=C(Cc1nc(N2CCOCC2)cc(=O)[nH]1)Nc1cccc2[nH]cnc12,5.52
Nc1nc2c(c(-c3c(Cl)cc(Cl)cc3OCCc3ccccn3)n1)CN(C(=O)NC1CCC1)C2,5.1
O=C(Cc1nc(N2CCOCC2)cc(=O)[nH]1)N1CCOc2c(Cl)cccc21,7.37
O=S(=O)(NCc1ccc(-c2nnc3n2-c2cccnc2Nc2ccccc2-3)cc1)c1cccc(Cl)c1,6.82
COCCS(=O)(=O)Nc1cc(-c2sc(NC(C)=O)nc2C)cc2c1C(=O)N([C@@H](C)C1CC1)C2,8.2
O=C(Cc1nc(N2CCOCC2)cc(=O)[nH]1)Nc1ccc(F)cc1F,7.29
NS(=O)(=O)c1nnc(NS(=O)(=O)c2cccc3cccnc23)s1,4.3
O=S(=O)(NCc1ccc(-c2nnc3n2-c2cccnc2Nc2ccccc2-3)cc1)c1cccnc1,6.66
CS(=O)(=O)c1ccc(C(=O)N2CCOc3ccc(-c4ccc(N)nc4)cc3C2)cc1,5.71
CN(C)CCNC(=O)c1cn2cc(-c3cnc(N)nc3)nc(N3CCOCC3)c2n1,7.52
NC1(c2ccc(-n3c(-c4cc[nH]n4)nc4ccc(-c5cccc(N6CCOCC6)c5)nc43)cc2)CCC1,5.94
NC(=O)c1c(N)ncnc1N1CCC(c2nc(-c3cccc(Cl)c3)cn2CCN2CCCC2)CC1,7.12
C[C@@H]1CC[C@H](C(=O)NC2CCCCC2)CN1c1cc(-c2ccc3c(N)n[nH]c3c2)nc(N)n1,6.33
CS(=O)(=O)C1(c2cc(N3CCOCC3)nc(-c3cccc4[nH]ccc34)n2)CCOCC1,5.48
COc1ncc(N2CCc3ncnc(N[C@H]4CCN(C(=O)C5CCOCC5)C4)c3C2)cc1C,6.45
C=Cc1ncc(OC[C@@H](N)Cc2c[nH]c3ccccc23)cc1-c1ccc2cnccc2c1,8.7
O=c1ccnc2ccc(-c3cnc(Cl)c(NS(=O)(=O)c4ccc(F)cc4F)c3)cn12,7.48
Nc1cc(C(F)F)c(-c2cc(N3CCOCC3)nc(N3CCOCC3)n2)cn1,6.68
Nc1ncc(-c2nc(N3CCOCC3)nc(N3CCOCC3)n2)cc1C(F)(F)F,5.62
CCc1c(N)ncnc1N1CCC(c2nc(-c3ccc(C(F)(F)F)c(F)c3)cn2CCN2CCCC(F)(F)C2)CC1,6.0
CCNC(=O)Nc1ccc(-c2nc3c(c(N4CCOCC4)n2)CCN(S(C)(=O)=O)C3)cc1,7.37
CCC(=O)N1CC[C@@H](Oc2cnc3ccc(-c4ccc(OC)c(OC)c4)cc3n2)C1,7.14
CC[C@@H]1COCCN1c1nc(-c2cnc(N)cc2C(F)F)nc(N2CCOC[C@H]2CC)n1,6.45
O=c1cc(N2CCOCC2)nc(Cc2nc3ccccc3n2-c2ccccc2)[nH]1,8.1
O=C(Cc1nc(N2CCOCC2)cc(=O)[nH]1)Nc1cccc(C2CC2)c1,6.7
Cc1csc2cc([C@H](C)Nc3ncnc(N)c3C#N)c(-c3ccccc3)c(=O)n12,9.1
Cc1cc(C(=O)N2CCC(F)(F)C2)ccc1C1CCCN1C(=O)c1cc(Cl)c(O)cc1O,7.16
CC(C)c1nc(-c2ccccc2)c(-c2ccc(CN3CCC(n4c(=O)[nH]c5ccccc54)CC3)cc2)[nH]c1=O,4.67
Cc1nc(NC(=O)N2CCC[C@H]2C(N)=O)sc1-c1csc(-c2ccccc2F)n1,6.0
CN(C)CC(=O)N1CCC(c2cc(-c3cnc(N)c(-n4nnc5ccccc54)n3)n(C)n2)CC1,7.04
Cn1nc(-c2cnc(N)c(-c3cn[nH]c3)n2)nc1C1(c2ccccc2)CC1,6.96
CC(=O)NCC(=O)N[C@@H](CCCNC(=N)N)C(=O)N1CCC[C@H]1C(=O)N[C@@H](CCCNC(=N)N)C(=O)Nc1ccc(C(=O)N[C@H](C(=O)N[C@@H](Cc2ccccc2)C(=O)NCCN2CCC(Cc3ccccc3)CC2)C(C)C)cc1,4.03
Cn1ccc2c(NC(=O)Cc3nc(N4CCOCC4)cc(=O)[nH]3)cccc21,6.18
CCNc1cc(/C=C/c2cncc(OC[C@@H](N)Cc3c[nH]c4ccccc34)c2)ccn1,6.79
Cc1cc(F)ccc1NC(=O)Cc1nc(N2CCOCC2)cc(=O)[nH]1,7.24
Cn1c(Cc2nc(N3CCOCC3)cc(=O)[nH]2)nc2cc(F)ccc21,7.8
CC1Cc2c(ccc(F)c2Cl)N1C(=O)Cc1nc(N2CCOCC2)cc(=O)[nH]1,9.0
N#Cc1cc2c(cn1)[nH]c1ncc(O)cc12,7.42
O=C(Cc1nc(N2CCOCC2)cc(=O)[nH]1)Nc1cccc(F)c1,7.13
CN1CCN(Cc2cccc3c2CCN3C(=O)Cc2nc(N3CCOCC3)cc(=O)[nH]2)CC1,6.57
CCCCCCCCCCCCCCCCCCCCO[C@@H]1CCC[C@H]1COP(=O)([O-])OCC[N+](C)(C)C,5.04
CO[C@H]1CC[C@H](n2c(=O)n(C)c3cnc4ccc(-c5ccc(OCCCN(C)C)nc5)cc4c32)C1,6.48
CN(C)C1CCN(Cc2cc3nc(-n4cnc5ccccc54)nc(N4CCOCC4)c3s2)CC1,6.01
COCCN(Cc1cc(C(=O)N(C)C)cc2c(=O)cc(N3CCOCC3)oc12)c1cc(F)cc(F)c1,7.77
Cc1nc(-c2nc[nH]n2)ccc1-c1cnc2c(n1)N([C@H]1CC[C@H](O)CC1)C(=O)CN2,7.57
CC(=O)Nc1cc(Nc2cc(NC3CCC3)n3ncc(C#N)c3n2)ccc1C,7.48
COc1ccc(-c2ccc3c(N4CCOC[C@@H]4C)nc(N4CCOC[C@@H]4C)nc3n2)cc1CO,7.62
Nc1cc(C(F)F)c(-c2nc(N3CCOCC3)nc(N3CCOCC3)n2)cn1,6.99
CN(C)CCCOc1ccc(-c2ccc3ncc4c(c3c2)n([C@H]2CCOC2)c(=O)n4C)c(F)n1,5.69
COc1ccc(-c2ccc3ncnc(-c4cccc(C(=O)N5CCN(C(C)=O)CC5)c4)c3c2)cn1,7.55
CCc1c(N)ncnc1N1CCC(c2nc(-c3ccc(F)c(C)c3)cn2CC2CN(C)C2)CC1,9.52
NCCC(NC(=O)c1cc(Br)c(-c2ccnc3[nH]ccc23)s1)c1ccccc1,5.82
C[C@@H](Nc1cc(F)c(F)c(F)c1)c1cc(C(=O)N(C)C)cc2c(=O)cc(N3CCOCC3)oc12,7.89
N#Cc1c(N)ncnc1N1CCC(c2nc(-c3ccc(F)c(Cl)c3)cn2CCN2CCC2)CC1,8.72
Cc1cc(-c2cn(CCNC3CCCC3)c(C3CCN(c4ncnc(N)c4C#N)CC3)n2)ccc1F,9.15
Cc1nc(NC(=O)N2C[C@@H](N(C)C)C[C@H]2C(N)=O)sc1-c1csc(C(C)(C)C)n1,5.26
Cn1nc(C2CCN(C(=O)CC(=O)O)CC2)nc1-c1cnc(N)c(-c2nnc(C(C)(C)C)o2)n1,6.23
NC1(C(=O)NC(CCCN2CCCC2)c2ccc(Cl)cc2)CCN(c2ncnc3[nH]ccc23)CC1,6.68
Cn1c(=O)n(C2CCOCC2)c2c3cc(-c4cnn(CCCO)c4)ccc3ncc21,5.64
c1cc(-c2cc3c(cn2)[nH]c2ncc(-c4ccc(CN5CCCCC5)cc4)cc23)ccn1,8.04
Nc1ncnc(N2CCC(c3nc(-c4ccc(F)c(C(F)(F)F)c4)cn3CCN3CCCC3)CC2)c1C=O,9.0
O=S(=O)(Nc1cc(-c2ccc3nccc(N4CCC(O)CC4)c3c2)cnc1Cl)c1ccc(F)cc1,6.82
CC(Nc1cccc(F)c1F)c1cc(C(=O)N(C)C)cn2c(=O)cc(N3CCOCC3)nc12,7.14
CC(=O)Nc1cc(Nc2cc(NC3CC3)n3ncc(C#N)c3n2)ccc1C1CC1,8.52
O=C([C@H]1c2ccccc2CN1C(=O)c1cc(Cl)c(O)cc1O)N1CCCC1,6.22
C[C@@H]1COC[C@@H](C)N1c1nc(-c2cnc(N)cc2C(F)F)nc(N2[C@H](C)COC[C@H]2C)n1,5.45
CCc1c(N)ncnc1N1CCC(c2nc(-c3cccc(Cl)n3)cn2CCN2CCC2)CC1,6.11
CNS(=O)(=O)c1ccc(C(=O)N2CCOc3ccc(-c4ccc5nc[nH]c5c4)cc3C2)cc1,6.09
N[C@H](COc1cncc(-c2ccc3[nH]nc(C4CC4)c3c2)c1)Cc1c[nH]c2ccccc12,8.59
NC(=O)c1ccc(N2CCN(c3cccc(C(F)(F)F)c3)CC2)c2cncnc12,4.64
C[C@@H]1COCCN1c1cc(C2(S(C)(=O)=O)CC2)nc(-c2cncc3[nH]ccc23)n1,5.85
CCC[C@H]1O[C@@H]2CC(=O)O[C@@H]2C2=C1C(=O)c1ccccc1C2=O,6.79
C[C@H](Nc1ncnc(N)c1C#N)c1nn2c(C(F)(F)F)ccc2c(=O)n1-c1ccccc1,6.42
Cc1cc(C)cc(C(=O)NC(=S)Nc2cc(-c3ccccc3)ccc2O)c1,4.87
Cc1cc(-c2c(Cl)cc(Cl)cc2OCCCC(F)(F)F)nc(N)n1,5.72
CCNC(=O)Nc1ccc(-c2nc(N3CCCOCC3)c3c(ncn3C)n2)cc1,5.14
C[C@@H]1Cc2ccccc2N1C(=O)Cc1nc(N2CCOCC2)cc(=S)n1C,7.15
O=NCc1ccc(-n2nc(C(F)(F)F)cc2-c2ccc3c(ccc4ccccc43)c2)cc1,4.6
COc1ncc(-c2ccc3nccc(=O)n3c2)cc1NS(=O)(=O)c1ccc(C(F)(F)F)cc1,7.31
CCOC1CN(c2cc(N)ncn2)CCC1c1nc(-c2ccc(F)c(C)c2)cn1CCN(CC)C(C)C,8.14
Cc1nc(N)nc(-n2c(Nc3ccccc3)nc3ccccc32)n1,6.72
CCn1c(-c2nonc2N)nc2c(C#CC(C)(C)O)nc(O[C@@H](CCN)c3ccccc3)cc21,8.7
CC(C)n1nc(N)nc1-c1nc2c(s1)CCOc1cc(-c3cnn(CC(C)(C)O)c3)ccc1-2,7.51
Cc1nc(N)nc(-c2cc(CN3CCN(S(C)(=O)=O)CC3)cnc2Nc2ccc(Cl)nc2)n1,7.46
Cc1ccc(Nc2ncc(CN3CCN(S(C)(=O)=O)CC3)cc2-c2nc(C)nc(N)n2)cn1,7.36
NC(=O)c1sc(N2CCOCC2)nc1CC(=O)N1CCc2cc(F)ccc21,7.82
N#Cc1cc2c(cn1)[nH]c1ncc(-c3ccc(CN4CCC5(CC4)COC5)cc3)cc12,8.6
CCNC(=O)Nc1ccc(-c2nc3c(c(N4CCOCC4)n2)CCN(C(=O)OC(C)(C)C)C3)cc1,7.66
O=S(=O)(Nc1cc(-c2ccc3nccc(N4CCN(Cc5ccccc5)CC4)c3c2)cnc1Cl)c1ccc(F)cc1,6.87
COc1cc2ncc3c(N)nc(-c4cncc(OC[C@@H](N)Cc5ccncc5)c4)cc3c2cc1OC,5.76
O=C(Cc1nc(N2CCOCC2)cc(=O)[nH]1)Nc1ccc(F)c(Cl)c1,7.72
O=c1cc(N2CCOCC2)nc(Cc2nc3cc(F)ccc3o2)[nH]1,7.58
CCOc1cccc2c1CCN2C(=O)Cc1nc(N2CCOCC2)cc(=O)[nH]1,7.36
Nc1cn2nc(-c3cnc(Cl)c(NS(=O)(=O)c4ccc(F)cc4)c3)ccc2n1,6.38
NC(=O)c1c(N)ncnc1N1CCC(c2nc(-c3ccc(F)c(OC(F)F)c3)cn2CCN2CCC2)CC1,7.54
Cc1cccc(NC(=O)Cc2nc(N3CCOCC3)cc(=O)[nH]2)c1O,6.72
CC(=O)Nc1cccc(-c2ccc3nc(Nc4cc[nH]n4)c(-c4nc(C)nc(N)n4)n3c2)c1,7.54
Cc1nc(NC(=O)N2CCC[C@H]2C(N)=O)sc1-c1csc(C2(C(F)(F)F)CC2)n1,6.75
CC1=NN(C(=O)c2ccc(Cl)cc2)C(=O)C1/N=N/c1ccc(S(=O)(=O)Nc2ncccn2)cc1,4.62
CC(C)Oc1cccc(NC(=O)Cc2nc(N3CCOCC3)cc(=O)[nH]2)c1,6.51
Nc1ncnc(N2CCC(c3nc(-c4ccc(F)cc4)cn3CCN3CCCC3)CC2)c1C1CCC1,7.96
C[C@@H]1CN(c2cc(=O)c3cc(C(=O)N(C)C)cc(CN4CCOc5c(F)cccc54)c3o2)CCO1,8.7
Cc1nc(N)nc2c1cc(-c1cnn(C)c1)c(=O)n2[C@H]1CC[C@H](OCC(N)=O)CC1,6.42
C[C@H](CO)C(=O)N1CCC(c2nc(-c3cnc(N)c(-c4nnc(C(C)(C)C)o4)n3)n(C)n2)CC1,6.28
CC(=O)Nc1nc(C)c(-c2cc3c(c(S(C)(=O)=O)c2)C(=O)N([C@@H](C)C2CC2)C3)s1,8.1
CCNC(=O)Nc1ccc(-c2nc(CS(C)(=O)=O)cc(N3CCOCC3)n2)cc1,5.9
O=C(Cc1nc(N2CCOCC2)cc(=O)[nH]1)N1CCOc2ccccc21,6.28
Cc1c(Cl)cccc1Cn1c(C)nc2c(C(=O)O)cc(N3CCOCC3)nc21,7.8
Cc1ncc2ccccc2c1-c1nc(N2CCOCC2)c2sc(CN3CCC(N(C)C)CC3)cc2n1,5.7
CC(=O)Nc1ccc2ccn(-c3cc(NCCCN4CCCC4)n4ncc(C#N)c4n3)c2c1,6.07
Cc1c(C(=O)N(C)C)cccc1C1CCCN1C(=O)c1cc(Cl)c(O)cc1O,5.7
CN(C)CC[C@H](NC(=O)C1(N)CCN(c2ncnc3[nH]ccc23)CC1)c1ccc(Cl)cc1,6.96
CCNC(=O)[C@H]1c2ccccc2CN1C(=O)c1cc(Cl)c(O)cc1O,6.52
COc1ncc(Nc2ncc(CO)cc2-c2nc(C)nc(N)n2)cc1F,7.36
Cc1cc(-c2c(Cl)cccc2OCCCC(F)(F)F)nc(N)n1,5.14
Clc1ccc(-c2nnc3n2-c2cccnc2Nc2ccccc2-3)cc1,5.29
COc1cccc(S(=O)(=O)NC2CCN(Cc3ccc(-c4nnc5n4-c4cccnc4Nc4ccccc4-5)cc3)CC2)c1,5.52
N[C@H](COc1cnc2ccc(-c3ccncc3)cc2c1)Cc1c[nH]c2ccccc12,6.52
O=c1cc(N2CCOCC2)nc(Cc2nc3cc(F)ccc3n2C2CC2)[nH]1,8.05
CCNC(=O)Nc1ccc(-c2nc3c(c(N4CCOC[C@@H]4C)n2)C[C@@H]2CC[C@H]3N2C(C)=O)cc1,8.7
C[C@H]1COCCN1c1cc(C2(S(=O)(=O)CCCO)CC2)nc(-c2ccc(NC(=O)NC3CC3)cc2)n1,7.72
Cc1ccc(-c2nc3c(C)nc(N)nc3n(C3CCOCC3)c2=O)cn1,7.6
Cc1nc(N)nc(-c2cc(C(C)(C)O)cnc2Nc2cncc(S(=O)(=O)c3ccccc3)c2)n1,6.12
Cc1nc(N)nc2c1cc(-c1cn[nH]c1)c(=O)n2C1CCCC1,8.58
Cn1cc(-c2ccc(F)c(C(F)(F)F)c2)nc1C1CCN(c2ncnc(N)c2Br)CC1,7.18
CN(C)C(=O)c1cc(CNc2cc(F)cc(F)c2)c2oc(N3CCOCC3)cc(=O)c2c1,7.46
COc1ccc(-c2cc3c(C)nc(N)nc3n(C3CCC3)c2=O)cn1,7.58
Cn1c(=O)n(C2CNC2)c2c3cc(-c4cnc5[nH]ccc5c4)ccc3ncc21,6.75
CCN1CCN(c2ccc(-c3nn(Cc4cn(Cc5ccccc5)nn4)c4nc(NC)ncc34)cn2)CC1,5.72
CC1Cc2c(cccc2C(F)(F)F)N1C(=O)Cc1nc(N2CCOCC2)cc(=O)[nH]1,8.7
C[C@H]1COCCN1c1nc(-c2cnc(N)cc2F)cc(C(C)(C)S(C)(=O)=O)n1,6.92
O=C(Cc1nc(N2CCOCC2)cc(=O)[nH]1)Nc1cccc(OCCO)c1,5.0
COc1ccc(-c2ccc3c(N4CCOCC4)nc(N4C[C@H](C)O[C@H](C)C4)nc3n2)cc1CO,6.82
Cc1cc(Cl)cc(OCCn2cc(F)cn2)c1-c1nc(N)nc2c1CN(C(=O)NCC(F)(F)F)C2,7.43
O=C(Cc1cccc2ccccc12)Nc1ccc(-c2nnc3n2-c2cccnc2Nc2ccccc2-3)cc1,6.02
NS(=O)(=O)c1ccc(-n2nc(C(F)(F)F)cc2-c2ccc(-c3ccc(C(F)(F)F)cc3)cc2)cc1,4.75
Cc1c(Cn2c(C3CC3)nn3c(=O)cc(N4CCOCC4)nc23)cccc1C(F)(F)F,8.39
CCC(=O)N1CC[C@H](Oc2cnnc3ccc(-c4ccc(OC)nc4)cc23)C1,5.55
C[C@H](c1cc(C(=O)N2CCC(O)CC2)cc2c(=O)cc(N3CCOCC3)oc12)N(C)c1cc(F)cc(F)c1,7.92
CCN(CC)CCn1cc(-c2ccc(F)c(C)c2)nc1C1CCN(c2ncnc(N)c2C(N)=O)CC1,7.26
Cc1nc(NC(=O)N2CC[C@H]2C(N)=O)sc1-c1ccnc(C(C)(C)C)n1,6.64
CCCCCCCCCCCCCCCCCCOC[C@@H]1CCC[C@H]1OP(=O)([O-])OCC[N+](C)(C)C,4.99
CNC(=O)c1nc(-c2ccc(Cl)c(S(=O)(=O)Nc3cccc(C)c3)c2)cnc1N,6.24
CC(Nc1cccc(F)c1)c1cc(C(=O)NCCN(C)C)cn2c(=O)cc(N3CCOCC3)nc12,8.7
COCCN(Cc1cc(C(=O)N(C)C)cc2c(=O)cc(N3CCO[C@H](C)C3)oc12)c1cc(F)cc(F)c1,8.3
Nc1ccc(-c2nc(N3CCOCC3)nc(N3CCOCC3)n2)cn1,6.43
Nc1ncnc(N2CCC(c3nc(-c4ccc(F)c(F)c4)cn3CCN3CCCC3)CC2)c1C1CCC1,8.03
NC(=O)c1ccc(NCc2cccnc2)c2cncnc12,4.16
CN(C)C[C@@]1(C(N)=O)CCCN1C(=O)Nc1nc2c(s1)-c1nc(C(C)(C)C)ncc1CC2,7.6
CC(Nc1ccccc1)c1cc(C(=O)N(C)C)cn2c(=O)cc(N3CCOCC3)nc12,6.81
CCCCCCCCCCCCCCCCCCCCCC[C@@]1(C(=O)OCC)CCC[C@H]1OP(=O)([O-])OCC[N+](C)(C)C,5.26
Cn1ncc(Cl)c1-c1cc(C(=O)NC2(c3ccc(Cl)c(Cl)c3)CCNCC2)oc1Cl,7.52
CC(=O)Nc1ncc(-c2cc(Cl)c3c(c2)CN([C@@H](C)C2CC2)C3=O)s1,7.5
CC(C)c1cc(-c2cn(CCN3CCC3)c(C3CCN(c4ncnc(N)c4C#N)CC3)n2)ccn1,7.96
CO[C@H]1CC[C@H](n2c(=O)n(C)c3cnc4ccc(-c5ccc(NCCCN6CCCCC6)nc5)cc4c32)C1,5.74
Cc1cc(-c2cn(CCNC(C)(C)C)c(C3CCN(c4ncnc(N)c4-c4cn[nH]c4)CC3)n2)ccc1F,8.26
N[C@H](COc1cncc(-c2ccc3c(c2)C(c2cccs2)C(=O)N3)c1)Cc1c[nH]c2ccccc12,9.05
NC1(c2ccc(-c3nc4ccccc4c(=O)n3-c3ccccc3)cc2)CCC1,5.68
C[C@H]1CN(C(=O)Cc2nc(N3CCOCC3)cc(=O)[nH]2)c2ccccc21,7.24
CCNC(=O)Nc1ccc(-c2nc(N3CCOC[C@@H]3CC)c3c(ncn3C)n2)cc1,7.16
CCNC(=O)Nc1ccc(-c2nc(N3CCOC[C@@H]3C)c3c(n2)[C@](C)(CC(C)(C)O)OC3)cc1,8.36
CCn1nnc2c(N3CCOCC3)nc(-c3ccc(NC(=O)Nc4ccc(C(=O)NCCN5CCN(C)CC5)cc4)cc3)nc21,7.13
C[C@H](Nc1ncnc(N)c1C#N)c1nn2ccc(C(F)(F)F)c2c(=O)n1-c1ccccc1,8.52
NC1(c2ccc(-c3ncc4cccn4c3-c3ccccc3)cc2)CCC1,6.32
COc1cccc(C(=O)Nc2ccc(-c3nnc4n3-c3cccnc3Nc3ccccc3-4)cc2)c1,6.8
C[C@@H]1C[C@@H](N(C)C(=O)CC(C)(C)C)CN(c2cc(-c3ccc4c(N)n[nH]c4c3)nc(N)n2)C1,7.66
O=C(Cc1nc(N2CCOCC2)cc(=O)[nH]1)Nc1ccccc1OCCN1CCCCC1,7.62
Cc1nc(N)nc2c1cc(-c1cnc3ccccc3c1)c(=O)n2[C@H]1CC[C@@H](OCC(N)=O)CC1,6.94
Cn1c(CC(=O)N2CC(C)(C)c3c(Cl)cccc32)nc(N2CCOCC2)cc1=O,7.46
N[C@H](COc1cncc(/C=C/c2ccnc(-n3ccc4ccccc43)c2)c1)Cc1c[nH]c2ccccc12,5.48
O=S(=O)(Nc1cc(-c2ccc3ncc(NCC4CCCCC4)nc3c2)cnc1Cl)c1ccc(F)cc1,6.55
CC(Nc1ncnc(N)c1C#N)c1nc2ccc(F)cc2c(Cl)c1-c1ccccn1,7.96
CC(C(=O)N1CCc2c(F)cccc21)c1nc(N2CCOCC2)cc(=O)[nH]1,7.54
c1ccc(-n2cc(COCc3ccc(-c4nnc5n4-c4cccnc4Nc4ccccc4-5)cc3)nn2)cc1,6.31
COc1ncc(-c2cc3c(C)nc(N)nc3n([C@H]3CC[C@@H](OCC(N)=O)CC3)c2=O)cc1F,8.09
O=C(c1ccccn1)N1CCN(Cc2ccc(-c3nnc4n3-c3cccnc3Nc3ccccc3-4)cc2)CC1,5.38
Cn1ccc(-c2ccc(-c3cnc4c(N)nc([C@H]5C[C@@H]6CC[C@H](C5)N6C(=O)c5nnc[nH]5)cn34)cn2)n1,6.0
CC(=O)Nc1nc2ccc(-c3cnc(N)c(C(F)(F)F)c3)cc2s1,7.1
CN(C)CCn1cc(-c2ccc(F)c(C(F)(F)F)c2)nc1C1CCN(c2ncnc(N)c2C(N)=O)CC1,7.08
Cc1nc(N)nc(-c2c(Nc3cc[nH]n3)nc3ccc(-c4cccnc4)cn23)n1,7.92
c1ccc(-c2nnc3n2-c2cccnc2Nc2ccccc2-3)cc1,5.55
Cc1cc(-c2cn(CCN3CCC3)c(C3CCN(c4ncnc(N)c4C#N)CC3)n2)ccc1F,8.7
NC(=O)c1ccc(NC2CNCCC2c2ccc(Cl)c(F)c2)c2cncnc12,6.89
C[C@@H]1SCc2ncnc(N3CCN(C(=O)[C@H](N)Cc4ccc(F)cc4)CC3)c21,5.8
CCc1nc2ccccc2n1-c1nc(N2CCOCC2)c2nc(CN3CCC(C(C)(C)O)CC3)[nH]c2n1,7.92
CN1CCC(N(C)Cc2ccc(-c3nnc4n3-c3cccnc3Nc3ccccc3-4)cc2)CC1,5.26
N[C@H](Cc1ccc(Cl)cc1)C(=O)N1CCN(c2ncnc3c2CSC3)CC1,5.42
CCNC(=O)C1c2ccccc2CN1C(=O)c1cc(Cl)c(O)cc1O,6.52
Nc1ccc(-c2nnc3n2-c2cccnc2Nc2ccccc2-3)cc1,6.14
CCNC(=O)Nc1ccc(-c2nc(N3CCOCC3)c3c(n2)[C@](C)(CO)OC3)cc1,7.5
c1cncc(-c2cc3c(cn2)[nH]c2ncc(-c4ccc(CN5CCCCC5)cc4)cc23)c1,9.02
N#Cc1c(N)ncnc1N1CCC(c2nc(-c3ccc(F)c(C(F)(F)F)c3)cn2CCN)CC1,8.44
COc1cc(N)cc2c1nc(C(F)F)n2-c1nc(N2CCOCC2)nc(N2CCN(S(C)(=O)=O)CC2)n1,7.77
COc1ccc(-c2ccc3ncc4c(c3n2)n(-c2ccc(C(C)(C)C#N)cc2)c(=O)n4C)cn1,6.84
Cc1nc(-c2ccccc2)c(-c2ccc(CN3CCC(n4c(=O)[nH]c5ccccc54)CC3)cc2)[nH]c1=O,6.0
Cn1cc(-c2ccc(F)c(C(F)(F)F)c2)nc1C1CCN(c2ncncc2Br)CC1,5.85
CC(=O)Nc1nc(C)c(-c2cc(Cl)c3c(c2)CN([C@@H](C)C2CC2)C3=O)s1,8.2
Cc1ccc(-c2ccc3ncc4c(c3n2)n(C2CCN(C(=O)CO)CC2)c(=O)n4C)cn1,7.76
CNc1nc(-c2ccc3c(N)n[nH]c3c2)cc(N2C[C@@H](C(=O)Nc3ccccc3)CC[C@H]2C)n1,6.78
C[C@@H]1CCN(C(=O)Nc2nc3c(s2)-c2cc(C(C)(C)C(F)(F)F)ncc2OC3)[C@@H]1C(N)=O,7.96
C[C@@H](Nc1cc(F)cc(F)c1F)c1cc(C(=O)N(C)C)cc2c(=O)cc(N3CCOCC3)oc12,8.22
C[C@H]1COC[C@H](C)N1c1nc(-c2cnc(N)cc2C(F)F)nc(N2[C@@H](C)COC[C@@H]2C)n1,6.42
O=c1cc(N2CCOCC2)nc2n(Cc3cccc(Cl)c3Cl)ccn12,6.96
CC(Nc1cccc(Cl)c1)c1cc(C(=O)NCCN(C)C)cn2c(=O)cc(N3CCOCC3)nc12,8.0
CCc1c(N)ncnc1N1CCC(c2nc(-c3cccc(C(F)(F)F)n3)cn2CCN2CCC2)CC1,6.38
CNc1nc(C)nc(-n2c(Nc3cc[nH]n3)nc3ccccc32)n1,7.0
Cc1nc(N)nc(-c2cc(Cl)cnc2Nc2cnc(Cl)c(NS(=O)(=O)N(C)C)c2)n1,7.62
Cn1cc(C[C@H](N)COc2cncc(/C=C/c3ccncc3)c2)c2ccccc21,6.3
Cc1ccc(-c2cn(CCN3CCC3)c(C3CCN(c4ncnc(N)c4C(N)=O)CC3)n2)cc1Cl,6.66
Nc1ncccc1-c1nc2ccc(Nc3ccccc3)nc2n1-c1ccc(C2(N)CCC2)cc1,8.42
C=Cc1c(N)ncnc1N1CCC(c2nc(-c3ccc(C(F)(F)F)cc3)cn2CCN2CCCC2)CC1,6.72
O=S(=O)(Nc1cc(-c2ccc3nccc(N4CCOCC4)c3c2)cnc1Cl)c1ccc(F)cc1,7.8
CC(C)C(C(=O)Nc1ccc(F)cc1)c1nc(N2CCOCC2)cc(=O)[nH]1,7.05
CC(=O)N[C@@H](CCCNC(=N)N)C(=O)Nc1ccc(C(=O)N[C@H](C(=O)N[C@@H](Cc2ccccc2)C(=O)NCCc2cccc3ccccc23)C(C)C)cc1,4.05
Cc1ccc(F)cc1C[C@H](N)COc1cncc(-c2cc3c(C)n[nH]c3cn2)c1,8.41
Cc1cc(-c2cn(CCO)c(C3CCN(c4ncnc(N)c4C#N)CC3)n2)ccc1F,6.36
CNC(=O)c1nc(-c2ccc(Cl)c(S(=O)(=O)Nc3cccc(F)c3F)c2)cnc1N,6.11
CNC(=O)c1nc(-c2ccc(Cl)c(S(=O)(=O)Nc3cccc(Cl)c3)c2)cnc1N,6.74
C[C@H]1Cc2ccccc2N1C(=O)Cc1nc(N2CCOCC2)c(F)c(=O)[nH]1,7.82
Cc1nc(N)nc(-n2c(Nc3nc[nH]n3)nc3ccccc32)n1,5.34
Nc1ncnc(N2CCC(c3nc(-c4ccc(Cl)c(F)c4)cn3CCN3CCCC3)CC2)c1C1CCC1,7.17
CCCCCCCCCCCCCCCCCCOC[C@H](COP(=O)(O)O[C@H]1[C@@H](O)[C@@H](O)[C@H](O)[C@H](CO)[C@H]1O)n1ccnc1,4.69
CCCCCCCCCCCCCCCC[C@@]1(C(=O)OCC)CCC[C@@H]1OP(=O)([O-])OCC[N+](C)(C)C,5.3
Nc1nc2ccc(-c3cncc(S(=O)(=O)NCc4ccccc4)c3)cn2n1,5.9
CCc1c(N)ncnc1N1CCC(c2nc(-c3ccc(F)c(C(F)(F)F)c3)cn2C2CCNCC2)CC1,6.72
NC(=O)c1c(N)ncnc1N1CCC(c2nc(-c3ccc(F)c(C(F)(F)F)c3)cn2C2CNC2)CC1,6.17
N[C@H](CNc1cncc(Oc2cccc3cnccc23)c1)Cc1c[nH]c2ccccc12,6.68
COc1ccc(-c2ccc3ncc4c(c3n2)n(C2CCN(C)CC2)c(=O)n4C)cn1,7.24
CNC(=O)c1nc(-c2ccc(Cl)c(S(=O)(=O)Nc3cccc(F)c3Cl)c2)cnc1N,5.8
Cc1cnn(CCOc2cc(Cl)cc(Cl)c2-c2nc(N)nc3c2CN(C(=O)NC24CC(C2)C4)C3)c1,6.14
NC(=O)c1ccn2c(-c3ccccc3)c(-c3ccc(C4(N)CCC4)cc3)nc2c1,7.09
COc1ccc(-c2ccc3c(N4CCOC[C@@H]4C)nc(N4CCOC[C@@H]4C)nc3n2)cc1C(=O)N(C)C,5.55
CC1(C)CN(C(=O)Cc2nc(N3CCOCC3)cc(=O)[nH]2)c2cccc(F)c21,7.28
CN(C)CCCNC(=O)c1cn2cc(-c3cnc(N)nc3)nc(N3CCOCC3)c2n1,8.06
N#Cc1c(N)ncnc1N1CCC(c2nc(-c3ccc(F)c(C(F)(F)F)c3)cn2CCN2CCC2)CC1,8.59
CN1CCN(c2ccc(-c3cncc(-c4ccc(C#N)cc4)n3)cc2)CC1,5.92
COC(=O)c1cc(NC(=O)Cc2nc(N3CCOCC3)cc(=O)[nH]2)ccc1F,5.76
CC(Nc1cc(F)ccc1F)c1cc(C(=O)N(C)C)cc2c(=O)cc(N3CCOCC3)oc12,7.22
Cn1c(=O)n(C2CCOCC2)c2c3cc(-c4ccc(OCCCN5CCCCC5)nc4)ccc3ncc21,4.91
Nc1ncccc1-c1nc2cc(-c3cccnc3)cnc2n1-c1ccc(CNC(=O)c2cccc(F)c2)cc1,7.34
O=C(Cc1nc(N2CCOCC2)cc(=O)[nH]1)Nc1cc(F)cc(F)c1,7.15
CCNC(=O)Nc1ccc(-c2nc(N3CCOC[C@H]3C)c3c(ncn3C)n2)cc1,6.19
CCC[C@H](NC(=O)[C@H](CCCNC(=N)N)NC(=O)CN(CCCCN)C(=O)[C@@H](N)CCCNC(=N)N)C(=O)N[C@@H](Cc1ccc(O)cc1)C(=O)N[C@@H](CN)C(=O)N[C@@H](CCC(C)C)C(=O)N(CCCCN)CC(N)=O,6.89
COc1cc(NS(=O)(=O)c2ccc(Nc3ccco3)cc2)nc(OC)n1,4.3
Nc1nc2c(c(-c3c(Cl)cc(Cl)cc3OCCCC(F)(F)F)n1)CN(C(=O)NC1CC1)C2,5.77
Cn1c(CC(=O)N2CCc3c(F)cccc32)nc(N2CCOCC2)c(F)c1=O,6.8
Cc1nc(-c2nc[nH]n2)ccc1-c1cnc2c(n1)N(C(C)C)C(=O)CN2,7.31
COc1cc(/C=C/c2cncc(OC[C@@H](N)Cc3c[nH]c4ccccc34)c2)ccn1,5.57
Cc1nc(-c2nc[nH]n2)ccc1-c1cnc2c(n1)N(CC1CCOCC1)C(=O)CN2,8.4
O=C1C(Nc2cc(F)ccc2F)=C(Cl)C(=O)c2[nH]ncc21,4.8
CC1Cc2c(Cl)cccc2N1C(=O)Cc1nc(N2CCOCC2)cc(=O)n1C,7.26
O=S(=O)(NC1CCN(Cc2ccc(-c3nnc4n3-c3cccnc3Nc3ccccc3-4)cc2)CC1)C1CC1,5.28
CC(NC(=O)C1(N)CCN(c2ncnc3[nH]ccc23)CC1)c1ccccc1,5.17
CNCC(NC(=O)c1cc(Br)c(-c2ccnc3[nH]ccc23)s1)c1ccccc1,6.11
COc1ncc(Nc2ncc(C(C)(C)CO)cc2-c2nc(C)nc(N)n2)cc1F,7.43
CS(=O)(=O)Cc1cc(N2CCOCC2)nc(-c2ccc(NC(=O)Nc3ccc(F)cc3)cc2)n1,7.06
Oc1cccc(Nc2nc3ccccc3n2-c2ncnc(Nc3ccccc3)n2)c1,6.06
CC1Cc2ccccc2N1C(=O)Cc1nc(N2CCOCC2)cc(=O)[nH]1,8.22
COc1ccc(-c2nc3c(C)nc(N)nc3n([C@H]3CC[C@H](O)CC3)c2=O)cn1,7.84
Nc1ncnc(N2CCC(c3nc(-c4ccc(F)c(F)c4)cn3CCN3CCCC3)CC2)c1Br,8.77
Nc1ncnc(N2CCC(c3nc(-c4ccc(O)c(C(F)(F)F)c4)cn3CCN3CCCC3)CC2)c1Cl,8.52
CC(=O)Nc1nc(C)c(-c2nc(C(C)(C)C)no2)s1,6.64
CN1CCN(c2ccc(-c3cncc(-c4ccc(C(=O)NS(C)(=O)=O)cc4)n3)cc2)CC1,6.16
CNC(=O)c1nc(-c2cccc(S(=O)(=O)Nc3ccccc3)c2)cnc1N,6.49
COc1ccc(-c2cc3c(C)nc(N)nc3n(C3CC3)c2=O)cn1,6.75
C[C@@H](Nc1cc(F)cc(F)c1)c1cc(C(=O)N2CCOCC2)cn2c(=O)cc(N3CCOCC3)nc12,7.6
CC(=O)NCC(=O)N[C@@H](CCCNC(=N)N)C(=O)N1CCC[C@H]1C(=O)N[C@@H](CCCNC(=N)N)C(=O)Nc1ccc(C(=O)N[C@H](C(=O)N[C@@H](Cc2ccccc2)C(=O)NCCCOc2cccc(NC(C)=O)c2)C(C)C)cc1,2.49
CO[C@H]1C[C@@H](n2c(=O)n(C)c3cnc4ccc(-c5ccc(OCCCN6CCC6)nc5)cc4c32)C1,6.14
COCCN1CCN(c2ccc3nc(Nc4cnc(OC)c(F)c4)c(-c4nc(C)nc(N)n4)n3c2)CC1,7.58
CC1Cc2cc(F)c(F)cc2N1C(=O)Cc1nc(N2CCOCC2)c(F)c(=O)[nH]1,7.8
Nc1ncc(-c2ccc3nc(NC(=O)CCCN4CCCCC4)sc3c2)cc1C(F)(F)F,6.96
CC(=O)Nc1nc(C)c(-c2cnc(S(C)(=O)=O)o2)s1,6.65
CCOc1c(N)ncnc1N1CCC(c2nc(-c3ccc(F)c(C)c3)cn2CCN(CC)CC)CC1,9.1
CCNC(=O)Nc1ccc(-c2nc3c(c(N4CCOC[C@@H]4C)n2)CCN(c2cnccn2)C3)cc1,8.37
Nc1ncnc(N2CCC(c3nc(-c4ccc(F)c(F)c4)cn3CCN3CCCC3)CC2)c1Cl,8.49
C[C@H](NC(=O)c1c(N)nn2cccnc12)c1cc2cccc(C#Cc3cnn(C)c3)c2c(=O)n1-c1ccccc1,8.92
N#Cc1c(N)ncnc1N1CCC(c2nc(-c3ccc(F)c(C(F)(F)F)c3)cn2CCN2CCCCC2)CC1,8.64
CCn1nc(C2CCN(C(=O)[C@@H](O)CO)CC2)nc1-c1cnc(N)c(-c2nnc(C(C)(C)C)o2)n1,7.07
Cc1c(Cc2c(CNCCS(C)(=O)=O)nc3c(N)cc(N4CCOCC4)nn23)cccc1C(F)(F)F,6.86
CC(C)NC[C@H](Cc1ccc(Cl)cc1)C(=O)N1CCN(c2ncnc3c2[C@H](C)OC3)CC1,6.9
N[C@H](COc1cncc(-c2ccc3[nH]nc(-c4nccs4)c3c2)c1)Cc1c[nH]c2ccccc12,8.01
CC(C(=O)N1CCc2c(F)cccc21)c1nc(N2CCOCC2)c(F)c(=O)n1C,6.03
CC(C)(c1cc(-c2cnc(N)cc2C(F)(F)F)nc(N2CCOCC2)n1)S(C)(=O)=O,6.51
Nc1cc(N2CCC(c3nc(-c4ccc(C(F)(F)F)cc4)cn3CCN3CCCC3)CC2)ncn1,6.0
O=C(Nc1ccc(-c2nnc3n2-c2cccnc2Nc2ccccc2-3)cc1)c1ccncc1,6.46
COc1cc2c(cn1)[nH]c1ncc(-c3ccc(CN4CCCCC4)cc3)cc12,7.7
CN(C)C1CCN(Cc2cc3nc(-n4ncc5ccccc54)nc(N4CCOCC4)c3s2)CC1,5.5
O=C(Cc1nc(N2CCOCC2)cc(=O)[nH]1)Nc1ccc(F)c(C(F)(F)F)c1,6.46
Nc1ncnc(N2CCC(c3nc(-c4ccc(F)c(C(F)(F)F)c4)cn3CCN3CCCCC3)CC2)c1Br,8.05
Cc1nc(NCC#N)nc(-n2c(Nc3cccc(O)c3)nc3ccccc32)n1,7.77
CC(C)N(C)CCn1cc(-c2ccc(F)c(C(F)(F)F)c2)nc1C1CCN(c2ncnc(N)c2C(N)=O)CC1,7.96
Cc1cc(C(=O)N2CC(O)C2)ccc1C1CCCN1C(=O)c1cc(Cl)c(O)cc1O,5.89
CC(Nc1ccc(F)cc1)c1cc(C(=O)N(C)C)cn2c(=O)cc(N3CCOCC3)nc12,7.21
C[C@H]1COCCN1c1nc(-c2ccc(NC(=O)NC3COC3)cc2)nc2c1COC2(C)C,7.43
CC(O)c1nc2ccccc2n1-c1nc(N2CCOCC2)c2nc(CN3CCC(C(C)(C)O)CC3)n(C)c2n1,7.77
O=C1C(Nc2ccccc2F)=C(Cl)C(=O)c2[nH]ncc21,4.8
CC1CN(c2cc(=O)[nH]c(CC(=O)Nc3ccc(F)cc3)n2)CCO1,8.22
Nc1nc2c(c(-c3c(Cl)cc(Cl)cc3OCCn3cccn3)n1)CN(C(=O)NC1CCC1)C2,6.82
CN(C)CCCOc1ccc(CN2CCC(n3cnc4c(N5CCOCC5)nc(-c5cccc(CO)c5)nc43)CC2)cc1,6.52
c1ccc(-c2nnc(C3CCN(Cc4ccc(-c5nnc6n5-c5cccnc5Nc5ccccc5-6)cc4)CC3)o2)cc1,6.18
CC(=O)NCc1nc2c(-c3cnc[nH]3)cc(N3CCOCC3)nn2c1Cc1cccc(C(F)(F)F)c1C,7.96
C[C@@H]1SCc2ncnc(N3CCN(C(=O)C(Cc4ccc(Cl)cc4)CC(C)(C)N)CC3)c21,6.36
N[C@@H](Cc1ccccc1)C(=O)Nc1cncc(/C=C/c2ccncc2)c1,5.5
CC(C)(C)c1ncc2c(n1)-c1sc(NC(=O)N3CCC[C@@]3(C)C(N)=O)nc1CC2,8.4
C[C@H]1COCCN1c1cc(CS(C)(=O)=O)nc(-c2ccc(NC(=O)NCCO)cc2)n1,6.71
CO[C@H]1CC[C@H](N2CC(=O)Nc3ncc(-c4ccc(-c5nc[nH]n5)nc4C)nc32)CC1,6.92
CC[C@@H]1CO[C@H](C(=O)NC2CCCCC2)CN1c1cc(-c2ccc3c(N)n[nH]c3c2)nc(NC)n1,7.07
COc1ccc(-c2c(N)ncnc2N2CCC(c3nc(-c4ccc(F)c(C(F)(F)F)c4)cn3C)CC2)cc1,6.28
N[C@H](COc1cncc(-c2ccc3cnc(-c4ccccc4)cc3c2)c1)Cc1c[nH]c2ccccc12,6.52
CCCNC(=O)C1c2ccccc2CN1C(=O)c1cc(Cl)c(O)cc1O,5.82
Cc1nc(N)c(-c2nc(C3CCN(C)CC3)nn2C)nc1-c1cnc2ccccn12,7.31
Cc1ccccc1NC(=O)Cc1nc(N2CCOCC2)cc(=O)[nH]1,6.23
CC(Nc1cc(F)cc(F)c1)c1cc(C(=O)N2CCCCC2)cc2c(=O)cc(N3CCOCC3)oc12,7.85
CCNC(=O)Nc1ccc(-c2nc3c(c(N4CCOC[C@@H]4C)n2)CCN(c2nc(C)ns2)C3)cc1,8.06
O=C(Nc1ccccc1)c1ccccc1NC(=O)c1ccccc1C(=O)O,4.3
O=C(Cc1nc(N2CCOCC2)cc(=O)[nH]1)Nc1cccc(OC2CCCC2)c1,6.84
O=C(Cc1nc(N2CCOCC2)cc(=O)[nH]1)N1CCc2c(-c3cccnc3)cccc21,7.28
N[C@H](COc1cncc(-c2cc3cn[nH]c3cc2[N+](=O)[O-])c1)Cc1c[nH]c2ccccc12,6.02
NS(=O)(=O)c1ccc(-n2nc(C(F)(F)F)cc2-c2ccc(-c3ccccc3)cc2)cc1,4.68
CCNC(=O)Nc1ccc(-c2nc3c(c(N4CCOC[C@@H]4C)n2)CCN(c2ncccn2)C3)cc1,8.48
CC1CN(C(=O)Cc2nc(N3CCOCC3)cc(=O)n2C)c2ccccc21,6.71
COc1ncc(-c2cc3c(C)nc(N)nc3n(N3CCCC3)c2=O)cc1F,7.44
N#Cc1ccc(-n2nc(C(F)(F)F)cc2-c2ccc3c(ccc4ccccc43)c2)cc1,4.35
CCCCCCNC(=O)[C@H](Cc1ccccc1)NC(=O)[C@@H](NC(=O)c1ccc(NC(=O)[C@H](CCCNC(=N)N)NC(C)=O)cc1)C(C)C,2.79
Cc1cc(-c2cn(CCNC(C)C)c(C3CCN(c4ncnc(N)c4C(N)=O)CC3)n2)ccc1F,7.82
CCn1c(-c2nonc2N)nc2c(C#CC(C)(C)O)ncc(OC[C@H]3CCCNC3)c21,8.7
C#Cc1cccc2nc(Cn3nc(-c4cccc(O)c4)c4c(N)ncnc43)n(Cc3cccc(OC)c3)c(=O)c12,6.24
CC(C)n1ncnc1-c1nc2c(s1)CCOc1cc(C3CN(C(=O)C(C)(C)N)C3)ccc1-2,7.27
O=C(NCc1ccc(-c2nnc3n2-c2cccnc2Nc2ccccc2-3)cc1)Nc1ccccc1F,6.51
COc1ccc(S(=O)(=O)Nc2cc(-c3ccc4nc(NC(C)=O)sc4c3)cnc2C)cc1,7.75
CC(C)(c1cc(-c2cnc(N)cc2F)nc(N2CCOCC2)n1)S(C)(=O)=O,6.67
Cc1nc(N)nc2c1cc(-c1cn[nH]c1)c(=O)n2N1CCCC1,8.15
Cc1cc(-c2cnc3[nH]ccc3n2)cc2c1C(=O)N([C@@H](C)C1CC1)C2,6.4
CCC[C@H]1O[C@@H]2CC(=O)O[C@@H]2C2=C1C(=O)c1c(O)cccc1C2=O,6.7
CC(=O)Nc1ccc2c(c1)c(-c1cc(NC3CC3)n3ncc(C#N)c3n1)cn2C,7.57
C[C@H]1COCCN1c1cc(C2(S(=O)(=O)C3CC3)CC2)nc(-c2ccc(NC(=O)NC3CC3)cc2)n1,7.38
CC(C)NC(=O)Nc1ccc(-c2nc(CS(C)(=O)=O)cc(N3CCOC[C@@H]3C)n2)cc1,6.5
N#Cc1c(N2CCOCC2)sc(-c2ncn[nH]2)c1-c1ccc(Cl)cc1Cl,7.46
NC(=O)c1c(N)ncnc1N1CCC(c2nc(-c3ccc(F)c(C(F)(F)F)c3)cn2CCN2CCCC2)CC1,7.82
Nc1ncnc(N2CCC(c3nc(-c4cccc(F)c4)cn3CCN3CCCC3)CC2)c1Br,8.23
Cc1nc(N)nc(-c2cc(Cl)cnc2Nc2cnc(Cl)c(NS(=O)(=O)c3cccnc3)c2)n1,6.42
O=C(Cc1nc(N2CCOCC2)cc(=O)[nH]1)N1CCc2c(-c3ccccc3Cl)cccc21,7.38
N[C@H](COc1cncc2nc(-c3ccncc3)ccc12)Cc1c[nH]c2ccccc12,6.72
CCC[C@H](NC(=O)[C@H](CCCNC(=N)N)NC(=O)[C@H](CCCCN)NC(=O)[C@@H](N)CCCNC(=N)N)C(=O)N[C@@H](Cc1ccc(O)cc1)C(=O)N[C@@H](CN)C(=O)N[C@@H](CCC(C)C)C(N)=O,5.67
O=S(=O)(NC1(c2ccc(-c3nnc4n3-c3cccnc3Nc3ccccc3-4)cc2)CCC1)c1ccccc1,6.55
CC(Nc1cc(F)cc(F)c1)c1cc(C(=O)N2CCCC2)cc2c(=O)cc(N3CCOCC3)oc12,8.7
CC(C)c1cc(-c2cn(CCN3CCC3)c(C3CCN(c4ncnc(N)c4Br)CC3)n2)ccn1,9.82
Cc1nc(N)nc(-n2c(Nc3ccn(C(F)F)n3)nc3ccccc32)n1,6.11
NCc1ccc(-c2nnc3n2-c2cccnc2Nc2ccc(Br)cc2-3)cc1,5.21
CC(=O)Nc1cccc(Nc2nc3ccccc3n2-c2nc(C)nc(N)n2)c1,6.92
Cc1ccccc1C1CCCN1C(=O)c1cc(Cl)c(O)cc1O,6.0
NC1(c2ccc(-c3nnc4n3-c3cnccc3Nc3ccccc3-4)cc2)CCC1,5.3
CC1Cc2c(ccc(F)c2F)N1C(=O)Cc1nc(N2CCOCC2)cc(=O)n1C,7.89
NC1(c2ccc(-c3nnc4n3-c3cccnc3Nc3ccccc3-4)cc2)CCC1,7.0
Cc1ccc(-c2cn(CCN3CCC3)c(C3CCN(c4ncnc(N)c4C(N)=O)CC3)n2)cc1C(F)(F)F,6.38
CCn1nc(C2CCN(C(=O)CC(=O)O)CC2)nc1-c1cnc(N)c(-c2nnc(C(C)(C)C)o2)n1,6.48
COCCNCc1ccc(-c2nnc3n2-c2cccnc2Nc2ccccc2-3)cc1,5.34
Cc1cc(-c2cn(CCN3CCCC3)c(C3CCN(c4ncnc(N)c4C#N)CC3)n2)ccc1F,8.46
CCn1c(-c2nonc2N)nc2c(C#CC(C)(C)O)nc(OC[C@@H](N)Cc3ccccc3)cc21,8.52
CO[C@H]1CC[C@H](n2c(=O)n(C)c3cnc4ccc(-c5ccc(OCCCN6CCCC6)nc5)cc4c32)C1,5.83
COc1ccc(S(=O)(=O)Nc2cccc(-c3ccc4nc(NC(C)=O)sc4c3)c2)cc1,5.94
CCc1c(N)ncnc1N1CCC(c2nc(-c3ccc(C(F)(F)F)cc3)cn2CCN2CCCC2)CC1,6.75
Cc1cc(C(=O)N2CCOc3ccc(-c4ccc5nc[nH]c5c4)cc3C2)ccc1S(C)(=O)=O,5.91
Cc1c(Cn2ccn3c(=O)cc(N4CCO[C@H](C)C4)nc23)cccc1C(F)(F)F,6.72
Cc1n[nH]c2cnc(-c3cncc(OC[C@@H](N)Cc4cccc(OCC5CCNCC5)c4)c3)cc12,8.17
CCn1c(-c2nonc2N)nc2c(C#CC(C)(C)O)ncc(OCCCN)c21,5.98
Cn1c(CC(=O)N2CCc3c2cccc3C(F)(F)F)nc(N2CCOCC2)cc1=O,7.2
COc1ncc(Nc2ncc([C@@H](C)N3CCN(S(C)(=O)=O)C[C@@H]3C)cc2-c2nc(C)nc(N)n2)cc1F,9.0
C[C@H]1COCCN1c1cc(C2(S(=O)(=O)c3ccccc3)CC2)nc(-c2ccc(NC(=O)NCCO)cc2)n1,7.88
CC(Nc1cc(Cl)cc(Cl)c1)c1cc(C(=O)N(C)C)cc2c(=O)cc(N3CCOCC3)oc12,7.77
NC(=O)[C@@H]1CCCN1C(=O)Nc1nc2c(s1)-c1nc(CC3CC3)sc1CC2,6.72
CNc1ncnc(-n2c(Nc3cccc(O)c3)nc3ccccc32)n1,6.75
COCC(C)Nc1nc(N2CCOC[C@@H]2C)c2ccc(-c3ccc(OC)c(CO)c3)nc2n1,7.21
Nc1ncnc(-n2c(Nc3cccc(O)c3)nc3ccccc32)n1,7.47
NCC(=O)Nc1ccc(-n2nc(C(F)(F)F)cc2-c2ccc3c(ccc4ccccc43)c2)cc1,5.3
CC(=O)Nc1cc(C(F)(F)F)c(-c2nc(N3CCOCC3)nc(N3CCOCC3)n2)cn1,6.68
CC(C)(N)c1ccc(-c2nnc3n2-c2cccnc2Nc2ccccc2-3)cc1,6.47
CS(=O)(=O)C1(c2cc(-c3cnc(N)cc3C(F)(F)F)nc(N3CCOCC3)n2)CC1,6.5
NC(=O)Nc1ccc(-n2nc(C(F)(F)F)cc2-c2ccc3c(ccc4ccccc43)c2)cc1,4.4
C[C@@]1(C(=O)Nc2ccc(F)nc2)CCCN1c1nc(Nc2cc(C3CC3)n[nH]2)c2cccn2n1,7.66
Nc1ccc(-c2nnc3n2-c2cccnc2Nc2ccccc2-3)cn1,5.68
Cc1ccc2c(c1)-c1nnc(-c3ccc(C4(N)CCC4)cc3)n1-c1cccnc1N2,6.02
Cc1c(Cc2c(CN(C)CCS(C)(=O)=O)nc3c(N)cc(N4CCOCC4)nn23)cccc1C(F)(F)F,7.47
CC(F)(F)CNC(=O)N1Cc2nc(N)nc(-c3c(Cl)cc(Cl)cc3OCCn3cccn3)c2C1,6.75
NC(=O)c1sc(N2CCOCC2)nc1CC(=O)N1CCc2c(Br)cccc21,7.66
CN(C)CC(=O)N1CCC(c2nc(-c3cnc(N)c(-n4nnc5ccccc54)n3)n(C)n2)CC1,6.57
Nc1ncccc1-c1nc2ccc(-c3cccnc3)nc2n1-c1ccc(CC(=O)Nc2ccccc2)cc1,7.29
Cn1cc(-c2cc3c(cn2)[nH]c2ncc(-c4ccc(CN5CCCCC5)cc4)cc23)cn1,9.51
CC(=O)Nc1nc(C)c(-c2cc3c(c(NS(C)(=O)=O)c2)C(=O)N([C@@H](C)C2CC2)C3)s1,8.6
NC1(c2ccc(-c3nn4ccccc4c3-c3ccccc3)cc2)CCC1,6.82
CC(C)n1nc(N)nc1-c1nc2c(s1)CCOc1cc(-c3cnn(CCO)c3)ccc1-2,7.42
NC(=O)c1ccc(NC2CNCCC2c2ccc(F)c(Cl)c2)c2cncnc12,6.24
CCC(=O)Nc1ccc(-c2nnc3n2-c2cccnc2Nc2ccccc2-3)cc1,5.75
CC(C)Nc1ccc2cnn(-c3cncc(-c4ccc(C(=O)O)cn4)n3)c2c1,6.0
CCC[C@H](NC(=O)[C@H](CCCNC(=N)N)NC(=O)CN(CCCCCCN)C(=O)[C@@H](N)CCCNC(=N)N)C(=O)N[C@@H](Cc1ccc(O)cc1)C(=O)N[C@@H](CN)C(=O)N[C@@H](CCC(C)C)C(=O)N(CCCN)CC(N)=O,6.96
Cc1nc(N)nc(-c2cc(C(C)(C)O)cnc2Nc2cncc(S(C)(=O)=O)c2)n1,5.94
Cc1cc(C(=O)N2CCC2)ccc1C1CCCN1C(=O)c1cc(Cl)c(O)cc1O,6.82
O=C(Nc1ccc(-c2nnc3n2-c2cccnc2Nc2ccccc2-3)cc1)c1cnc2ccccc2n1,6.8
CC(=O)N1CCC(n2c(=O)n(C)c3cnc4ccc(-c5cccc6[nH]ncc56)nc4c32)CC1,7.5
CCN(CC)CCn1cc(-c2ccc(F)c(C)c2)nc1C1CCN(c2ncnc(N)c2OC(C)C)CC1,8.59
COc1ccc(-c2nccnc2N2CCN(S(=O)(=O)c3cccc(-c4cnc(N)nc4)c3)CC2)cc1,6.58
CC(=O)Nc1cn2cc(-c3cnc(Cl)c(NS(=O)(=O)c4ccc(F)cc4)c3)ccc2n1,6.93
N=C(c1ccccc1)n1c(=N)ccc2nc(-c3ccc(C4(N)CC(F)(F)C4)cc3)c(-c3ccccc3)cc21,8.0
O=c1cc(N2CCOCC2)nc(Cc2nc3ccc(F)cc3o2)[nH]1,7.31
CO[C@@H]1CC[C@@H](n2c(=O)n(C)c3cnc4ccc(-c5ccc(OCCCN(C)C)nc5F)cc4c32)C1,6.19
CC(=O)Nc1nc2ccc(-c3cnc(Cl)c(NS(=O)(=O)c4cccc(C(C)(C)C)c4)c3)cc2s1,7.89
NCC(NC(=O)c1cc(-c2ccccc2)c(-c2ccnc3[nH]ccc23)s1)c1ccccc1,5.0
Cc1nc(N)nc2c1cc(-c1cnc3ccccc3c1)c(=O)n2[C@H]1CC[C@H](OCO)CC1,7.62
O=c1cc(N2CCOCC2)nc(Cc2nc3c(Br)cccc3o2)[nH]1,6.9
C[C@H]1CN(c2cc(=O)c3cc(C(=O)N(C)C)cc([C@H](C)Nc4cc(F)cc(F)c4)c3o2)CCO1,7.92
Cc1cc(C(=O)N2CCN(Cc3ccc(-c4nnc5n4-c4cccnc4Nc4ccccc4-5)cc3)CC2)no1,5.54
CCc1c(N)ncnc1N1CCC(c2nc(-c3ccc(F)c(Cl)c3)cn2CCN2CCCC2)CC1,9.4
NC1(c2ccc(-c3ncc4ccccc4c3-c3ccccc3)cc2)CCC1,6.75
Cc1nc(N)nc(-c2cc(CN3CCN(S(C)(=O)=O)CC3)cnc2Nc2ccc(C(F)(F)F)nc2)n1,6.62
C[C@@H](Nc1cccc(F)c1)c1cc(C(=O)NCCO)cc2ncc(N3CCOCC3)nc12,7.36
O=C(Cc1nc(N2CCOCC2)cc(=O)[nH]1)Nc1ccc(F)c(Br)c1,7.42
Cc1nc(NC(=O)N2CCC[C@H]2C(N)=O)sc1-c1csc(C2CCC2)n1,6.44
CCN1CC(=O)Nc2ncc(-c3ccc(-c4nc[nH]n4)nc3C)nc21,6.43
CCc1cc(-c2c[nH]c3ncc(-c4cnn(C5CCNCC5)c4)cc23)nc(N)n1,4.89
CO[C@H]1C[C@@H](n2c(=O)n(C)c3cnc4ccc(-c5ccc(OCCCN6CCCCC6)nc5)cc4c32)C1,5.54
O=C(c1cc([C@H]2CCCN2c2cccc(F)c2)c2oc(N3CCOCC3)cc(=O)c2c1)N1CCOCC1,8.55
C[C@@H]1CCN(C(=O)Nc2nc3c(s2)-c2nc(C(C)(C)C(F)(F)F)ncc2CC3)[C@@H]1C(N)=O,8.4
Nc1cccc(-c2nnc3n2-c2cccnc2Nc2ccccc2-3)c1,5.09
Nc1ncnc(N2CCC(c3nc(-c4ccc(F)cc4)cn3CCN3CCCC3)CC2)c1Br,8.54
CCCCCCCCCCCCCCCCCCOC[C@H](COP(=O)(O)O[C@H]1[C@@H](O)[C@@H](O)[C@H](O)[C@H](CO)[C@H]1O)OC,5.11
CN(C)C(=O)c1cc(CN2CCOc3c(F)cc(F)cc32)c2oc(N3CCOCC3)cc(=O)c2c1,8.05
CC1=NN(C(=O)c2ccc(Cl)cc2)C(=O)C1/N=N/c1ccc(S(=O)(=O)Nc2nnc(C)s2)cc1,5.3
CC(=O)Nc1nc2ccc(-c3cnc(Cl)c(NS(=O)(=O)c4ccccc4Cl)c3)cc2s1,8.31
CC(C)(O)C1CCN(Cc2ccc3nc(-c4cnc(N)nc4)nc(N4CCOCC4)c3n2)CC1,6.84
Cc1cc(S(C)(=O)=O)ccc1C(=O)N1CCOc2ccc(-c3ccc4nc[nH]c4c3)cc2C1,6.0
C[C@@H]1COCCN1c1nc(-c2cnc(N)cc2C(F)F)nc(N2CCOCC2)n1,6.83
Fc1ccc2c(CCNCc3ccc(-c4nnc5n4-c4cccnc4Nc4ccccc4-5)cc3)c[nH]c2c1,6.68
Cc1ccc(-c2c(N)ncnc2N2CCC(c3nc(-c4ccc(F)c(C(F)(F)F)c4)cn3C)CC2)cn1,5.77
C[C@H](Nc1ncnc(N)c1C#N)c1nc2ccc(F)cc2c(S(C)(=O)=O)c1-c1ccccc1,10.0
NC1(C(=O)NC(c2ccccc2)c2ccc(Cl)cc2)CCN(c2ncnc3[nH]ccc23)CC1,5.79
CC(C)(O)C(=O)Nc1cccc(-c2ccc3nc(-c4cccnc4N)n(-c4ccc(C5(N)CCC5)cc4)c3n2)c1,8.79
Nc1cc(C(F)(F)F)c(-c2cc(C3(S(=O)(=O)c4ccc(F)cc4)CC3)nc(N3CCOCC3)n2)cn1,5.89
Cc1nc(N)nc2c1cc(-c1cn[nH]c1)c(=O)n2[C@H]1CC[C@@H](OCC(N)=O)CC1,6.83
COc1ncc(N2CCc3ncnc(O[C@H]4CCN(C(=O)C5CCOCC5)C4)c3C2)cc1C,6.84
COc1ccccc1-c1cccc2c1CCN2C(=O)Cc1nc(N2CCOCC2)cc(=O)[nH]1,7.5
COc1ccc2[nH]c(Cc3nc(N4CCOCC4)cc(=O)[nH]3)nc2c1,6.32
CN(C)C1CCN(Cc2cc3nc(-n4ccc5ccccc54)nc(N4CCOCC4)c3s2)CC1,6.38
COc1ccc(C)cc1NC(=O)NC1CCN(Cc2ccc(-c3nnc4n3-c3cccnc3Nc3ccccc3-4)cc2)CC1,6.14
CO/C=C/C(=O)c1cc2c3c(c(N)cc(NC(=O)C(C)C)c3n1)N=C2,8.52
CCc1c(N)ncnc1N1CCC(c2nc(-c3cccc(C(F)(F)F)c3)cn2CCN2CCCC2)CC1,8.02
CN(C)CCn1cc(-c2ccc(F)c(C(F)(F)F)c2)nc1C1CCN(c2ncnc(N)c2CCC2CC2)CC1,6.72
CCC[C@H](NC(=O)[C@H](CCCNC(=N)N)NC(=O)CN(CCCN)C(=O)[C@@H](N)CCCNC(=N)N)C(=O)N[C@@H](Cc1ccc(O)cc1)C(=O)N[C@@H](CN)C(=O)N[C@@H](CCC(C)C)C(=O)N(CCCN)CC(N)=O,6.89
COc1cc2ncc3c(N)nc(-c4cncc(OC[C@@H](N)Cc5cccc(C(F)(F)F)c5)c4)cc3c2cc1OC,6.68
Cn1c(Cc2nc(N3CCOCC3)cc(=O)[nH]2)nc2c(-c3ccccc3)cccc21,7.58
CCC[C@H](NC(=O)[C@H](CCCNC(=N)N)NC(=O)CN(CCCCN)C(=O)[C@@H](N)CCCNC(=N)N)C(=O)N[C@@H](Cc1ccc(O)cc1)C(=O)N[C@@H](CN)C(=O)N[C@@H](CCC(C)C)C(=O)N(CCN)CC(N)=O,6.66
N[C@H](COc1cncc(-c2ccc3[nH]c(=O)oc3c2)c1)Cc1c[nH]c2ccccc12,8.37
O=C(Cc1nc(N2CCOCC2)cc(=O)[nH]1)Nc1ccccc1OCCN1CCCC1,7.64
COc1ccc(-c2cc3c(C)nc(N)nc3n(N3CCCC3)c2=O)cn1,7.12
C[C@H](Nc1ncnc(N)c1C#N)c1nc2ccc(F)cc2c(-c2ccccn2)c1-c1ccccn1,8.34
Cn1c(Cc2nc(N3CCOCC3)cc(=O)[nH]2)nc2cccc(-c3ccccc3)c21,7.77
O=c1[nH]c2ccccc2n1C1CCN(Cc2ccc(-c3nc4cc5cn[nH]c5cc4nc3-c3ccccc3)cc2)CC1,7.07
C[C@@H](Nc1cc(F)cc(F)c1)c1cc(C(=O)N2CCN(C)CC2)cn2c(=O)cc(N3CCOCC3)nc12,7.54
CC(C)[C@H](N)COc1cncc(/C=C/c2ccncc2)c1,4.71
C[C@H]1COCCN1c1cc(C2(S(C)(=O)=O)CCOCC2)nc(-c2ccc(NC(=O)NC3CC3)cc2)n1,7.29
CCc1cc(-c2c[nH]c3ncc(-c4cn[nH]c4)cc23)nc(N)n1,5.27
O=C(NCCN1CCOCC1)c1ccc(Nc2nccc(Nc3ccccc3Cl)n2)cc1,5.26
COc1cc2ncc3c(N)nc(-c4cncc(OCCN)c4)cc3c2cc1OC,6.4
OCc1ccc2nc(-c3c(F)ccc4[nH]ccc34)nc(N3CCOCC3)c2n1,6.84
CC(C)n1ncnc1-c1nc2c(s1)CCOc1cc(-c3cnn(C(C)(C)C(N)=O)c3)ccc1-2,8.05
O=C(Nc1cccc(F)c1)NC1CCN(Cc2ccc(-c3nnc4n3-c3cccnc3Nc3ccccc3-4)cc2)CC1,6.1
CC(C)S(=O)(=O)C1(c2cc(-c3cnc(N)cc3C(F)(F)F)nc(N3CCOCC3)n2)CC1,6.37
CC(C)n1ncnc1-c1nc2c(s1)CCOc1cc(C3CCNC3)ccc1-2,7.62
CN(C)C(=O)C1c2ccccc2CN1C(=O)c1cc(Cl)c(O)cc1O,5.82
Nc1ncccc1-c1nc2cccnc2n1-c1ccc(CNC(=O)c2ccccc2)cc1,6.43
NC(=O)c1ccc(NCCc2ccccc2)c2cncnc12,5.25
Cn1cc(-c2cncc(-c3ccc(C(=O)O)cc3)n2)cn1,5.39
Cc1nc(N)nc(-c2cc(Cl)cnc2Nc2cnc(C)c(NS(C)(=O)=O)c2)n1,7.02
FC(F)(F)c1ccc(-c2nnc3n2-c2cccnc2Nc2ccccc2-3)cc1,4.52
Cc1nc(NC(=O)N2C[C@H](F)C[C@H]2C(N)=O)sc1-c1csc(C(C)(C)C)n1,6.35
COc1ccc(-c2ccc3ncc4c(c3n2)n(C2CCN(C(C)=O)CC2)c(=O)n4C)cn1,7.78
CC(C)(O)c1ccc(-c2cnc3c(n2)N(CC2CCOCC2)C(=O)CN3)cn1,6.89
Nc1nc2c(c(-c3c(Cl)cc(Cl)cc3OCCCO)n1)CN(C(=O)NC1CCC1)C2,4.89
Cc1nc(NC(=O)N2CCC[C@H]2C(N)=O)sc1-c1csc(N(C)C)n1,6.0
CC(NC(=O)C1(N)CCN(c2ncnc3[nH]ccc23)CC1)c1ccc(Cl)cc1,6.71
Nc1cccc(C#Cc2n[nH]c3ccccc23)c1,4.89
CCCCCCCCCCCCCCCCCCOC[C@H](COP(=O)(O)O[C@H]1[C@@H](O)[C@@H](O)[C@H](O)[C@@H](CO)[C@H]1O)OC,5.11
Nc1ccccc1-c1nc2ccc(-c3ccccc3)nc2n1-c1ccc(C2(N)CCC2)cc1,8.25
N#Cn1c(CC(=O)N2CCc3ccccc32)nc(N2CCOCC2)cc1=O,7.62
CCNC(=O)Nc1ccc(-c2nc3c(c(N4CCOC[C@@H]4C)n2)[C@H]2CC[C@@H](C3)N2S(C)(=O)=O)cc1,7.75
N#Cc1c(N)ncnc1N1CCC(c2nc(-c3ccc(F)c(C(F)(F)F)c3)cn2CCN2CCCC2)CC1,8.49
NC(=O)c1ccc(N2CCC(CCc3ccccc3)C2)c2cncnc12,5.51
C[C@H](Nc1nc(N)nc2[nH]cnc12)c1nn2cccc2c(=O)n1-c1ccccc1,8.19
NC(=O)c1c(N)ncnc1N1CCC(c2nc(-c3ccc(F)cc3)cn2CCN2CCCC2)CC1,6.42
NC(=O)c1c(N)ncnc1N1CCC(c2nc(-c3ccc(F)c(C(F)(F)F)c3)cn2C2CCNC2)CC1,7.0
COc1ncc(-c2ccc3nccc(=O)n3c2)cc1NS(=O)(=O)c1ccc(F)cc1F,7.8
Nc1ncnc(N2CCC(c3nc(-c4ccc(F)c(C(F)(F)F)c4)c[nH]3)CC2)c1Br,6.22
NC1(C(=O)NC(CO)c2ccc(Cl)cc2)CCN(c2ncnc3[nH]ccc23)CC1,6.52
O=c1cc(N2CCOCC2)nc(Cc2nc3c(F)cccc3o2)[nH]1,6.9
N[C@H](COc1cncc(-c2ccc3nnccc3c2)c1)Cc1c[nH]c2ccccc12,6.67
CC(=O)Nc1cc(Nc2cc(NC3CC3)n3ncc(C#N)c3n2)c(F)cc1C1CC1,8.7
CO[C@H]1C[C@@H](n2c(=O)n(C)c3cnc4ccc(-c5ccc(OCCCN6CCCC6)nc5)cc4c32)C1,5.69
COc1cc2c(cc1Nc1nc(Nc3cccc4c3C(=O)NC4)c3cc[nH]c3n1)N(C(=O)CN(C)C)CC2,8.6
C[C@H]1Cc2ccccc2N1C(=O)Cc1nc(N2CCOCC2)c(Br)c(=O)[nH]1,7.25
COc1ncc(Nc2ncc([C@H](C)N3CCN(S(C)(=O)=O)C[C@@H]3C)cc2-c2nc(C)nc(N)n2)cc1F,8.52
CCc1c(N)ncnc1N1CCC(c2nc(-c3ccc(F)c(C(F)(F)F)c3)cn2CCN2CCCC2)CC1,8.12
CC(C)(C)OC(=O)NC1(c2ccc(-c3nnc4n3-c3cccnc3Nc3ccccc3-4)cc2)CC1,5.85
CNCc1cccc(Cc2c([C@H](C)Nc3ncnc(N)c3C#N)cc3scc(C)n3c2=O)c1,7.7
Cc1c(Cn2c(C)cn3c(=O)cc(N4CCOCC4)nc23)cccc1C(F)(F)F,7.11
CNC(=O)c1nc(-c2ccc(Cl)c(S(=O)(=O)Nc3cccc(OC)c3)c2)cnc1N,6.37
Nc1ncccc1-c1nc2cccnc2n1-c1ccc(CC(=O)Nc2ccccc2)cc1,6.68
O=c1[nH]c2ccccc2n1C1CCN(Cc2ccc(-c3nnc4n3-c3cccnc3Nc3ccccc3-4)cc2)CC1,7.08
CS(=O)(=O)Cc1cc(N2CCOCC2)nc(-c2cnc3[nH]ccc3c2)n1,5.99
COc1ccc(-c2cncc(-c3ccc(C(=O)O)cc3)n2)cc1,5.89
CCN1CCc2sc(-c3cnc4[nH]c5cnc(C#N)cc5c4c3)cc2C1,9.11
Nc1cc(C(F)(F)F)c(-c2cc(C3(S(=O)(=O)c4ccccc4)CC3)nc(N3CCOCC3)n2)cn1,6.17
N#CCCCOc1cc(Cl)cc(Cl)c1-c1nc(N)nc2c1CN(C(=O)NC1CCC1)C2,5.78
Cc1nc(NC(=O)N2CCC[C@H]2C(N)=O)sc1-c1ccnc(C2CCC2)n1,6.36
N#Cc1c(N)ncnc1NC(CC(F)(F)F)c1nn2cccc2c(=O)n1-c1ccccc1,5.8
CCc1c(N)ncnc1N1CCC(c2nc(-c3ccc(C(F)(F)F)c(F)c3)cn2CCN2CC[C@@H](F)C2)CC1,7.6
C[C@@H](C1CC1)N1Cc2cc(-c3cnc(N)nc3)cc(Cl)c2C1=O,6.2
Cc1cc(C[C@H](N)COc2cncc(-c3cc4c(C)n[nH]c4cn3)c2)ccc1F,8.6
CC(=O)Nc1nc(C)c(-c2nc(C3CCOC3)no2)s1,6.25
Cc1nc(NC(=O)N2CCC[C@H]2C(N)=O)sc1-c1ccnc(C(C)C)n1,7.0
N[C@H](COc1cc(-c2ccc3cnccc3c2)cnc1Cl)Cc1c[nH]c2ccccc12,7.92
CCCCCCCCCCCCCCCCCCOC[C@H](COC(=O)O[C@H]1[C@@H](O)[C@@H](O)[C@H](O)[C@H](CO)[C@@H]1O)n1ccnc1,4.82
COc1ncc(-c2ccc3nccc(=O)n3c2)cc1NS(=O)(=O)c1ccc(C#N)cc1,7.24
O=S(=O)(NC1CCN(Cc2ccc(-c3nnc4n3-c3cccnc3Nc3ccccc3-4)cc2)CC1)c1ccc2c(c1)OCCO2,5.7
Cc1c(CN2CCN(S(C)(=O)=O)CC2)nc2c(N3CCOCC3)nc(-c3cnc(N)nc3)cn12,7.81
CCNC(=O)Nc1ccc(-c2nc(N3CCOCC3)c3c(n2)C(C)(C)OC3=O)cc1,7.8
C[C@H]1CCN(C(=O)Nc2nc3c(s2)-c2nc(C(C)(C)C)sc2CC3)[C@@H]1C(N)=O,8.0
CC1Cc2cc(F)c(F)cc2N1C(=O)Cc1nc(N2CCOCC2)c(F)c(=O)n1C,6.68
CC1(C)Cc2ccccc2N1C(=O)Cc1nc(N2CCOCC2)cc(=O)[nH]1,7.11
O=C(Cc1nc(N2CCOCC2)cc(=O)[nH]1)N1CCc2c(CO)cccc21,6.27
O=C1C(Sc2cccc(Cl)c2Cl)=C(Cl)C(=O)c2[nH]ncc21,4.91
CS(=O)(=O)Cc1cc(N2CCOCC2)nc(-c2cccc(CO)c2)n1,5.47
CC(Nc1ncnc(N)c1C#N)c1nc2ccc(F)cc2c(O)c1-c1ccccc1,8.55
Cc1cccc(C2CCNCC2Nc2ccc(C(N)=O)c3ncncc23)c1,5.05
O=C1C[C@H]2OCC3=C(C(=O)c4ccccc4C3=O)[C@H]2O1,7.36
C[C@@H]1Cc2ccccc2N1C(=O)Cc1nc(N2CCOCC2)c(F)c(=O)[nH]1,6.3
CCn1c(-c2nonc2N)nc2c(C#CC(C)(C)O)nc(CN)cc21,8.22
CS(=O)(=O)N1CCN(Cc2cn3cc(-c4cnc(N)nc4)nc(N4CCOCC4)c3n2)CC1,8.08
Cc1nc(N)nc2c1cc(-c1cn[nH]c1)c(=O)n2[C@H]1CC[C@H](OCC(N)=O)CC1,6.59
Nc1cc(C(F)F)c(-c2nc(N3CCOCC3)nc(N3C4CCC3COC4)n2)cn1,6.81
CN(C)c1nc2ccccc2n1-c1nc(N2CCOCC2)c2nc(CN3CCC(C(C)(C)O)CC3)n(C)c2n1,7.8
CC1Cc2ccc(F)cc2N1C(=O)Cc1nc(N2CCOCC2)c(F)c(=O)[nH]1,7.4
Nc1cc(C(F)(F)F)c(-c2nc(N3CCOCC3)nc(N3CCOCC3)n2)cn1,6.86
COc1ccc(-c2cc3c(C)nc(N)nc3n([C@H]3CC[C@@H](O)CC3)c2=O)cn1,7.66
N[C@H](COc1cncc(-c2ccc3c(c2)C(c2ccccc2)C(=O)N3)c1)Cc1c[nH]c2ccccc12,8.23
Cc1nn2c(=O)cc(N3CCOCC3)nc2n1Cc1cccc(Cl)c1Cl,7.47
COc1ncc(Nc2ncc(CN3CCN(S(C)(=O)=O)C[C@H]3C)cc2-c2nc(C)nc(N)n2)cc1F,9.0
CCN(CC)C(=O)C1CCN(c2cccc(-c3ccc4nc(-c5cccnc5N)n(-c5ccc(C6(N)CCC6)cc5)c4n3)c2)CC1,8.38
Nc1nc([C@H]2C[C@@H]3CC[C@H](C2)N3C(=O)c2nnc[nH]2)cn2c(-c3ccc(-c4ccccc4)nc3)cnc12,9.0
CC(C)NCCn1cc(-c2ccc(F)c(C(F)(F)F)c2)nc1C1CCN(c2ncnc(N)c2C(N)=O)CC1,8.6
CCn1c(-c2nonc2N)nc2c(-c3ccc[nH]3)ncc(OCCCN)c21,5.47
CC(=O)Nc1cccc(-c2ccc3nc(-c4cccnc4N)n(-c4ccc(CNC(=O)c5ccccc5)cc4)c3n2)c1,6.96
CC(C)CNCCn1cc(-c2ccc(F)c(C(F)(F)F)c2)nc1C1CCN(c2ncnc(N)c2C(N)=O)CC1,7.92
C[C@@H]1COCCN1c1cc(CS(C)(=O)=O)nc(-c2ccc3[nH]ccc3c2)n1,5.51
CCCc1cc(S(C)(=O)=O)ccc1C(=O)N1CCOc2ccc(-c3ccc4nc[nH]c4c3)cc2C1,5.48
Nc1cc(N2CCC(c3nc(-c4ccc(F)c(F)c4)cn3CCN3CCCC3)CC2)ncn1,7.2
CC(C)(c1cc(N2CCOCC2)nc(-c2cccc3[nH]ccc23)n1)S(C)(=O)=O,5.57
NC(=O)c1c(N)ncnc1N1CCC(c2nc(-c3ccoc3)cn2CCN2CCC2)CC1,5.44
[C-]#[N+]c1cccc(C(=O)Nc2ccc(-c3nnc4n3-c3cccnc3Nc3ccccc3-4)cc2)c1,7.12
Cc1csc2cc([C@H](C)Nc3ncnc(N)c3C#N)c(-c3cccc(OCCN(C)C)c3)c(=O)n12,8.2
C[C@H]1Cc2ccccc2N1C(=O)Cc1nc(N2CCOCC2)c(Cl)c(=O)[nH]1,6.85
Cc1cc(C2CCN(CCCF)CC2)cc2[nH]c(-c3c(NCCn4cc(Cl)cn4)cc[nH]c3=O)nc12,4.32
CN(C)CC(=O)N1CCC(n2cc(-c3cnc(N)c(-n4nnc5ccccc54)n3)cn2)CC1,7.24
Oc1ccc(-c2nnc3n2-c2cccnc2Nc2ccccc2-3)cc1,5.66
COc1ccc(C[C@@H](CN)NC(=O)c2cc(Br)c(-c3ccnc4[nH]ccc34)s2)cc1,6.0
[C-]#[N+]c1ccc(C(=O)NC2CCN(Cc3ccc(-c4nnc5n4-c4cccnc4Nc4ccccc4-5)cc3)CC2)cc1,5.77
Fc1ccccc1N1CCN(Cc2ccc(-c3nnc4n3-c3cccnc3Nc3ccccc3-4)cc2)CC1,5.55
CN(C)CCCOc1ccc(-c2ccc3ncc4c(c3c2)n([C@@H]2CCCOC2)c(=O)n4C)cn1,6.51
CCN(CC)CCn1cc(-c2ccc(F)c(C)c2)nc1C1CCN(c2ncnc(N)c2C#N)CC1,8.6
COc1ccc(NC(=O)Nc2ccc(-c3nc(CS(C)(=O)=O)cc(N4CCOC[C@@H]4C)n3)cc2)cc1,7.01
CCC[C@H](NC(=O)[C@H](CCCNC(=N)N)NC(=O)CN(CCN)C(=O)[C@@H](N)CCCNC(=N)N)C(=O)N[C@@H](Cc1ccc(O)cc1)C(=O)N[C@@H](CN)C(=O)N[C@@H](CCC(C)C)C(=O)N(CCCN)CC(N)=O,6.6
N#Cc1cc2c(cn1)[nH]c1ncc(-c3ccc(CN4CCC(O)CC4)cc3)cc12,8.74
O=S(=O)(Nc1cc(-c2ccc3nnccc3c2)cnc1Cl)c1ccc(F)cc1,5.72
Cc1cc(C)c(C[C@H](N)COc2cncc(-c3cc4c(C)n[nH]c4cn3)c2)c(C)c1,7.41
O=C(Nc1ccc(-c2nnc3n2-c2cccnc2Nc2ccccc2-3)cc1)c1ccccc1,7.16
Nc1ncnc(N2CCC(c3nc(-c4ccc(F)c(C(F)(F)F)c4)cn3CCN3CCC3)CC2)c1OCC(F)(F)F,8.18
Cc1cc(-c2cn(CC3CNC3)c(C3CCN(c4ncnc(N)c4C(C)C)CC3)n2)ccc1F,8.35
O=C(Cc1nc(N2CCOC(CF)C2)cc(=O)[nH]1)Nc1ccc(F)cc1,6.93
COc1cc(Nc2ncc(C(C)(C)O)cc2-c2nc(C)nc(N)n2)cnc1OC,8.0
CN(C)C1CCN(Cc2cc3nc(-c4cccc5c4CC(=O)N5)nc(N4CCOCC4)c3s2)CC1,5.47
COc1ccc(-c2ccc3c(N4CCOC[C@@H]4C)nc(N4CCOC[C@@H]4C)nc3n2)cc1C(C)O,7.05
NC(=O)c1ccc2c(c1)OCCc1cc(-c3ncnn3C3CCC3)sc1-2,6.25
OCc1ccc(-c2nnc3n2-c2cccnc2Nc2ccccc2-3)cc1,6.0
Cc1nc(N)nc(-n2c(Nc3cc[nH]n3)nc3cc(F)c(F)cc32)n1,7.35
C[C@H](NC(=O)C1(N)CCN(c2ncnc3[nH]ccc23)CC1)c1ccc(Cl)cc1,6.87
Cn1c(=O)n(C2CC2)c2c3cc(-c4cnc5[nH]ccc5c4)ccc3ncc21,7.81
COc1ccccc1NC(=O)Cc1nc(N2CCOCC2)cc(=O)[nH]1,6.2
CCc1c(N)ncnc1N1CCC(c2nc(-c3cccc(Cl)c3)cn2CCN2CCCC2)CC1,7.92
Cc1cc(-c2cn(CCO)c(C3CCN(c4ncnc(N)c4C(N)=O)CC3)n2)ccc1F,7.33
COc1ccc(NC(=O)NC2CCN(Cc3ccc(-c4nnc5n4-c4cccnc4Nc4ccccc4-5)cc3)CC2)c(C)c1,6.08
CC(Nc1cccc(F)c1)c1cc(C(=O)N(C)C)cn2c(=O)cc(N3CCOCC3)nc12,7.41
CS(=O)(=O)Cc1cc(N2CCOCC2)nc(NC(=O)c2ccno2)n1,5.29
NC(=O)c1c(N)ncnc1N1CCC(c2nc(-c3cn[nH]c3)cn2CCN2CCC2)CC1,5.66
NC(=O)N1Cc2nc(N)nc(-c3c(Cl)cc(Cl)cc3OCCn3cccn3)c2C1,5.37
C[C@H]1Cc2ccccc2N1C(=O)Cc1nc(N2CCOCC2)cc(=S)n1C,7.39
Nc1ccc(S(=O)(=O)Nc2nncs2)cc1,4.7
COc1cccc(NC(=O)NCc2ccc(-c3nnc4n3-c3cccnc3Nc3ccccc3-4)cc2)c1,6.89
O=c1cc(N2CCOCC2)nc(Cc2nc3c(-c4ccccc4)cccc3[nH]2)[nH]1,7.19
Cc1cc(-c2cn(CCNCC(C)C)c(C3CCN(c4ncnc(N)c4C#N)CC3)n2)ccc1F,8.85
CC(C)n1ncnc1-c1nc2c(s1)CCOc1cc(C3CN(CC(C)(C)O)C3)ccc1-2,7.16
COCCN1C(=O)CNc2ncc(-c3ccc(-c4nc[nH]n4)nc3C)nc21,7.77
NC(=O)c1cn2cc(-c3cnc(N)nc3)nc(N3CCOCC3)c2n1,8.74
Nc1cc(C(F)F)c(-c2nc(N3CCOCC3)cc(N3CCOCC3)n2)cn1,6.61
COc1cc(NS(=O)(=O)c2ccc(NC(C)=O)cc2)nc(OC)n1,4.3
O=S(=O)(NCc1ccc(-c2nnc3n2-c2cccnc2Nc2ccccc2-3)cc1)c1ccc(Cl)cc1,6.66
CCNC(=O)Nc1ccc(-c2nc3c(c(N4CCOC[C@@H]4C)n2)[C@@H]2CC[C@H](C3)N2C)cc1,8.17
C[C@@H](Nc1cc(F)cc(Cl)c1)c1cc(C(=O)N(C)C)cc2c(=O)cc(N3CCOCC3)oc12,9.0
CCc1c(N)ncnc1N1CCC(c2nc(-c3ccc(C(F)(F)F)c(F)c3)cn2CCN2CCCC2)CC1,6.33
CNC(=O)C1CCN(c2nc(N3CCOC[C@@H]3C)c3ccc(-c4ccc(N)nc4)nc3n2)CC1,6.17
COc1ncc(-c2ccc3ncc(Cl)c(=O)n3c2)cc1NS(=O)(=O)c1ccc(F)cc1F,7.94
Cc1c(Cc2c(CO)nc3c(N)cc(N4CCOCC4)nn23)cccc1C(F)(F)F.O=S(=O)(O)O,7.39
C=Cc1c(N)ncnc1N1CCC(c2nc(-c3ccc(F)c(C(F)(F)F)c3)cn2CCN2CCCC2)CC1,8.17
CC(=O)Nc1ccc(S(=O)(=O)NC2CCN(Cc3ccc(-c4nnc5n4-c4cccnc4Nc4ccccc4-5)cc3)CC2)cc1,5.3
CC[n+]1c(/C=C/N(C)c2ccccc2)n(-c2ccccc2)c2ccc(-c3nc4ccccc4s3)cc21,6.2
CC(=O)Nc1nc(C)c(-c2cnc(C(C)(C)O)o2)s1,6.43
COc1cc(-c2ccc3c(n2)C(C)(C)N(c2cnn(CC(F)(F)F)c2)C3=O)cnc1OC,6.47
Nc1ncc(-c2ccc3nc(NC(=O)CCCN4CCOCC4)sc3c2)cc1C(F)(F)F,6.82
CN(C)C[C@@H]1CCN(C(=O)Nc2nc3c(s2)-c2nc(C(C)(C)C)ncc2CC3)[C@@H]1C(N)=O,7.82
C[C@@H]1Cc2ccccc2N1C(=O)Cc1nc(N2CCOCC2)c(F)c(=S)[nH]1,7.21
O=C(Cc1nc(N2CCOCC2)cc(=O)[nH]1)Nc1cc(F)c(F)c(F)c1,6.21
CCCCCCCCCCCCCCCCCC[C@@]1(C(=O)OCC)CCC[C@@H]1OP(=O)([O-])OCC[N+](C)(C)C,5.52
COCCN1C(=O)CNc2ncc(-c3ccc(C(C)(C)O)nc3)nc21,6.21
Nc1ncnc(N2CCC(c3nc(-c4ccc(Cl)c(F)c4)cn3CCN3CCCC3)CC2)c1Br,7.8
CC(C)(O)C1CCN(Cc2ccc3nc(-c4cccc5[nH]ccc45)nc(N4CCOCC4)c3n2)CC1,7.26
Cc1n[nH]c2cnc(-c3cncc(OC[C@@H](N)Cc4ccc(F)c(F)c4F)c3)cc12,7.92
CC(C)(O)Cn1ncnc1-c1cc2c(s1)-c1ccc(C(N)=O)cc1OCC2,6.32
COC(=O)c1ccc(-c2c(N)ncnc2N2CCC(c3nc(-c4ccc(F)c(C(F)(F)F)c4)cn3CCN3CCC3)CC2)cc1,7.37
Nc1ncnc(N2CCC(c3nc(-c4ccc(C(F)(F)F)c(F)c4)cn3CCN3CCCCC3)CC2)c1C1CCC1,7.55
Cc1cccc2nc(Cc3nc(N4CCOCC4)cc(=O)[nH]3)oc12,6.7
CC(=O)Nc1nc(-c2cc3c(s2)-c2ncccc2OCC3)c(-c2ccccc2Cl)[nH]1,7.44
CC(Nc1cc(F)cc(F)c1F)c1cc(C(=O)N(C)C)cn2c(=O)cc(N3CCOCC3)nc12,7.6
CC(C)n1ncnc1-c1nc2c(s1)CCOc1cc(C3CCCN3)ccc1-2,6.76
COc1cc2ncc3c(N)nc(-c4cncc(OC[C@@H](N)Cc5ccccc5)c4)cc3c2cc1OC,6.58
Nc1ncnc(Cl)c1-c1nc2ccc(-c3ccccc3)nc2n1-c1ccc(C2(N)CCC2)cc1,8.14
CS(=O)(=O)c1ccc(C(=O)N2CCOc3ccc(-c4ccc5nc[nH]c5c4)cc3C2)c(Br)c1,6.34
Cc1ccccc1-c1nc2ccc(-c3cccc(N4CCOCC4)c3)nc2n1-c1ccc(C2(N)CCC2)cc1,7.94
CC(C)NS(=O)(=O)c1cncc(-c2ccc3nc(N)nn3c2)c1,5.8
CCC(NC(=O)C1(N)CCN(c2ncnc3[nH]ccc23)CC1)c1ccc(Cl)cc1,6.84
CCCCCCCCCCCCCCCCCCOC[C@H](COC(=O)O[C@H]1[C@@H](O)[C@@H](O)[C@H](O)C[C@H]1O)OC,4.9
CC1Cc2c(F)cccc2N1C(=O)Cc1nc(N2CCOCC2)cc(=O)[nH]1,8.4
CC(=O)Nc1nc2ccc(-c3cnc(Cl)c(NS(=O)(=O)c4ccccc4C(F)(F)F)c3)cc2s1,8.1
COCCNc1c(-c2ccccc2)c([C@H](C)Nc2ncnc(N)c2C#N)nc2ccc(F)cc12,8.62
N#Cc1c(N)ncnc1N1CCC(c2nc(-c3ccc(F)c(Cl)c3)cn2CCN2CCCC2)CC1,8.82
CC(C)CS(=O)(=O)NC1CCN(Cc2ccc(-c3nnc4n3-c3cccnc3Nc3ccccc3-4)cc2)CC1,5.19
Cc1nc(N)nc(-c2cc(CN3CCN(S(C)(=O)=O)CC3)cnc2Nc2cncc(F)c2)n1,7.64
COc1ccc2nc(NC(=O)CSc3nnc(COc4ccc5c(c4)CCCC5)o3)sc2c1,5.58
CCCCc1ccc(-c2cc(C(F)(F)F)nn2-c2ccc(S(N)(=O)=O)cc2)cc1,4.7
CN1CCN(c2ccc(Nc3ncc4nc(Nc5ccccc5)n(C5CCCC5)c4n3)cc2)CC1,6.4
COc1c(N)ncnc1N1CCC(c2nc(-c3ccc(F)c(C(F)(F)F)c3)cn2CCN2CCC2)CC1,8.21
CCNC(=O)Nc1ccc(-c2nc(N3CCOC[C@@H]3CC)c3c(n2)c(C)nn3C)cc1,8.4
N#Cc1cc2c(cn1)[nH]c1ncc(-c3ccccn3)cc12,6.9
CC(=O)Nc1cc(Nc2cc(NC3CC3)n3ncc(C#N)c3n2)ccc1C,8.7
CC(C)n1nnc2c(N3CCOCC3)nc(-c3ccc(NC(=O)Nc4ccc(CO)cc4)cc3)nc21,8.1
CC1(C)CC(=O)c2sc(N3CCOCC3)nc2C1,5.53
CCc1c(N)ncnc1N1CCC(c2nc(-c3ccnc(Cl)c3)cn2CCN2CCC2)CC1,7.78
Cc1cccc(NC(C)c2cc(C)cn3c(=O)cc(N4CCOCC4)nc23)c1,7.09
NC1(C(=O)NC(CCCO)c2ccc(Cl)cc2)CCN(c2ncnc3[nH]ccc23)CC1,6.86
C[C@H]1COCCN1c1cc(C2(S(=O)(=O)c3ccc(F)cc3)CC2)nc(-c2ccc(NC(=O)NCCO)cc2)n1,7.85
O=C1C[C@H]2O[C@H](c3ccsc3)C3=C(C(=O)c4ccccc4C3=O)[C@H]2O1,7.0
Cc1ccc(-c2ccc3ncc4c(c3n2)n(C2CCN(C(=O)C(C)(C)O)CC2)c(=O)n4C)cn1,7.65
Cc1cccc(S(=O)(=O)NCc2ccc(-c3nnc4n3-c3cccnc3Nc3ccccc3-4)cc2)c1,6.96
NCC(Cc1ccccc1)NC(=O)c1cc(Br)c(-c2ccnc3[nH]ccc23)s1,7.1
CC(=O)Nc1cc(Nc2cc(NC3COC3)n3ncc(C#N)c3n2)ccc1C,7.55
N[C@H](COc1cncc(-c2ccc3[nH]ncc3c2)c1)Cc1c[nH]c2ccccc12,8.82
C[C@H]1COCCN1c1cc(C(C)(C)S(C)(=O)=O)nc(-c2ccc(NC(=O)NC3CC3)cc2)n1,7.39
N[C@H](COc1cncc(-c2ccc3[nH]nc(-c4ccc[nH]4)c3c2)c1)Cc1c[nH]c2ccccc12,8.92
Nc1ncnc(N2CCC(c3nc(-c4ccnc(C(F)(F)F)c4)cn3CCN3CCC3)CC2)c1-c1cnoc1,8.57
N[C@H](Cc1ccc(Cl)cc1)C(=O)N1CCN(c2ncnc3c2CS(=O)(=O)C3)CC1,4.68
CC(=O)NCC(=O)N[C@@H](CCCNC(=N)N)C(=O)N1CCC[C@H]1C(=O)N[C@@H](CCCNC(=N)N)C(=O)N[C@H](C(=O)N[C@H](C(=O)N[C@H](C(=O)N[C@@H](Cc1ccccc1)C(=O)O)C(C)C)[C@@H](C)O)[C@@H](C)O,2.35
Cc1cc(-c2cn(CCN(C)C)c(C3CCN(c4ncnc(N)c4C#N)CC3)n2)ccc1F,9.05
C[C@H]1CN(c2nc(N3CCOCC3)c3ccc(-c4cccc(CNCCO)c4)nc3n2)C[C@@H](C)O1,6.86
CCn1nnc2c(N3CCOCC3)nc(-c3ccc(NC(=O)Nc4ccc(C(=O)N(C)C)cc4)cc3)nc21,8.1
O=S(=O)(NCc1ccc(-c2nnc3n2-c2cccnc2Nc2ccccc2-3)cc1)c1ccccc1F,6.77
CC(=O)NCC(=O)N[C@@H](CCCNC(=N)N)C(=O)N1CCC[C@H]1C(=O)N[C@@H](CCCNC(=N)N)C(=O)N[C@H](C(=O)N[C@H](C(=O)N[C@@H](C)C(=O)N[C@@H](Cc1ccccc1)C(=O)O)[C@@H](C)O)[C@@H](C)O,2.39
CN(C)CCCOc1ccc(-c2ccc3ncc4c(c3c2)n([C@@H]2CCOC2)c(=O)n4C)cn1,6.25
CNCCn1cc(-c2ccc(F)c(C)c2)nc1C1CCN(c2ncnc(N)c2-c2cn[nH]c2)CC1,7.68
Cc1nc(NC(=O)N2CC[C@H](O)[C@H]2C(N)=O)sc1-c1csc(C(C)(C)C)n1,6.75
CCNC(=O)Nc1ccc(-c2nc3c(c(N4CCOC[C@@H]4C)n2)CS(=O)(=O)CC3)cc1,7.32
Cn1nc(-c2cnc(N)c(-c3ccc(C(N)=O)c(F)c3)n2)nc1C1(c2ccccc2)CC1,6.92
N[C@H](COc1cncc(-c2cc3ccncc3s2)c1)Cc1c[nH]c2ccccc12,6.75
Cc1nc2c(N)cc(N3CCOCC3)nn2c1Cc1cccc(C(F)(F)F)c1C,7.92
Nc1ncnc(N2CCC(c3nc(-c4ccc(F)c(C(F)(F)F)c4)cn3CCN3CCCC3)CC2)c1-c1ccc(F)c(F)c1,6.96
Nc1nc2c(c(-c3c(Cl)cc(Cl)cc3OCCc3ccccc3)n1)CN(C(=O)NC1CCC1)C2,6.24
Nc1cc(C(F)F)c(-c2nc(N3C[C@H]4C[C@@H]3CO4)nc(N3C[C@H]4C[C@@H]3CO4)n2)cn1,4.75
CS(=O)(=O)C(F)(F)c1cc(-c2cnc(N)cc2C(F)(F)F)nc(N2CCOCC2)n1,6.07
O=C1C[C@H]2O[C@H](COCc3ccccc3)C3=C(C(=O)c4ccccc4C3=O)[C@H]2O1,7.14
COc1cccc(CNC(=O)NC2CCN(Cc3ccc(-c4nnc5n4-c4cccnc4Nc4ccccc4-5)cc3)CC2)c1,6.11
Cc1nc(NC(=O)N2C[C@H](O)C[C@H]2C(N)=O)sc1-c1csc(C(C)(C)C)n1,6.92
CC1Cc2c(Br)cccc2N1C(=O)Cc1nc(N2CCOCC2)cc(=O)n1C,7.85
C[C@H](c1cc(C(=O)N(C)CCO)cc2c(=O)cc(N3CCOCC3)oc12)N(C)c1cc(F)cc(F)c1,8.0
Nc1cc(C(F)(F)F)c(-c2nc(N3C4CCC3COC4)cc(N3C4CCC3COC4)n2)cn1,5.48
CC1Cc2ccc(F)cc2N1C(=O)Cc1nc(N2CCOCC2)cc(=O)[nH]1,8.05
Cn1cc(-c2ccc(F)c(C(F)(F)F)c2)nc1C1CCN(c2ncnc(N)c2CO)CC1,5.96
O=S(=O)(Nc1cc(-c2ccc3nccn3n2)cnc1Cl)c1ccc(F)cc1,7.3
COc1cncc(Nc2ncc(CN3CCN(S(C)(=O)=O)CC3)cc2-c2nc(C)nc(N)n2)c1,7.52
Cn1c(=O)n(C2CCC2)c2c3cc(-c4ccc(OCCCN5CCCCC5)nc4)ccc3ncc21,5.24
O=S(=O)(Cc1cc(N2CCOCC2)nc(-c2ccccn2)n1)c1ccc(F)cc1,4.91
CC(Nc1ccc(F)c(F)c1)c1cc(C(=O)N(C)C)cn2c(=O)cc(N3CCOCC3)nc12,7.47
Nc1nc2c(c(-c3c(Cl)cc(Cl)cc3OCCn3cc(F)cn3)n1)CN(C(=O)NC13CC(C1)C3)C2,7.7
NC(=O)c1c(N)ncnc1N1CCC(c2nc(-c3ccc(F)c(C(F)(F)F)c3)cn2CC2CCCN2)CC1,6.66
NC1(c2ccc(-c3nnc4n3-c3cc(-c5ccccc5)cnc3Nc3ccccc3-4)cc2)CCC1,5.58
N[C@H](COc1cncc(NC(=O)c2ccncc2)c1)Cc1c[nH]c2ccccc12,5.7
O=c1cc(N2CCOCC2)nc(Cc2nc3cc(C(F)(F)F)ccc3[nH]2)[nH]1,6.02
C[C@H](Nc1ncnc2[nH]ccc12)c1nn2cccc2c(=O)n1-c1ccccc1,6.82
CN(C)CCCOc1ccc(-c2ccc3ncc4c(c3c2)n(C2COC2)c(=O)n4C)cn1,5.46
N#Cc1cc2c(cn1)[nH]c1ncc(-c3ccc(CN4CCCCC4)nc3)cc12,8.28
NS(=O)(=O)c1ccc(-n2nc(C(F)(F)F)cc2-c2c[nH]c3ccccc23)cc1,4.19
Nc1ncnc(N2CCC(c3nc(-c4ccnc(C(F)(F)F)c4)cn3CCN3CCC3)CC2)c1Br,8.66
C[C@H](O)CNC(=O)c1cccc(-c2ccc3nc(-c4cccnc4N)n(-c4ccc(C5(N)CCC5)cc4)c3n2)c1,8.61
CO[C@H]1CC[C@H](N2C(=O)CNc3ncc(-c4ccc(-c5nc[nH]n5)nc4C)nc32)CC1,7.89
Cc1cc(C)cc(C(=O)NC(=S)Nc2c(O)cc(C)c(Br)c2C)c1,4.74
CCNCC(Cc1ccccc1)NC(=O)c1cc(Br)c(-c2ccnc3[nH]ccc23)s1,5.96
O=C(Cc1nc(N2CCOCC2)cc(=O)[nH]1)Nc1cccnc1,5.99
CNc1nc(-c2ccc3c(N)n[nH]c3c2)cc(N2C[C@H](C)C[C@@H](N(C)C(=O)OC(C)(C)C)C2)n1,8.05
COCCNC(=O)c1nc2c(N3CCOCC3)nc(-c3cnc(N)nc3)cn2c1C,7.89
C#Cc1cccc(NC(=O)Cc2nc(N3CCOCC3)cc(=O)[nH]2)c1,6.74
N#Cc1c(N)ncnc1N1CC(F)(F)C[C@H]1c1nn2cccc2c(=O)n1-c1ccccc1,6.43
Nc1ncnc(N2CCC(c3nc(-c4ccc(F)c(C(F)(F)F)c4)cn3CCN3CCCC3)CC2)c1-c1ccc(C(=O)O)cc1,7.92
Cc1cc(COCc2ccc(-c3nnc4n3-c3cccnc3Nc3ccccc3-4)cc2)no1,5.68
CC(C)c1ccc(-c2nccnc2N2CCN(S(=O)(=O)c3cccc(-c4cnc(N)nc4)c3)CC2)cc1,6.74
O=C(Cc1nc(N2CCOCC2)cc(=O)[nH]1)N1CCc2c(F)cc(F)cc21,7.24
COC(=O)c1ccc(-c2nnc3n2-c2cccnc2Nc2ccccc2-3)cc1,5.58
CNC(=O)c1ccc(Nc2nc3ccccc3n2-c2nc(C)nc(N)n2)o1,6.17
O=C(NCCc1cccs1)NC1CCN(Cc2ccc(-c3nnc4n3-c3cccnc3Nc3ccccc3-4)cc2)CC1,6.12
Cc1cc(F)ccc1C[C@H](N)COc1cncc(-c2cc3c(C)n[nH]c3cn2)c1,8.22
COC(=O)c1cccc(C2CCCN2C(=O)c2cc(Cl)c(O)cc2O)c1C,5.8
CS(=O)(=O)Cc1cc(N2CC3CCC(C2)O3)nc(-c2ccc3[nH]ccc3c2)n1,5.72
COc1cc(-c2cn(CCN3CCC3)c(C3CCN(c4ncnc(N)c4C#N)CC3)n2)ccc1F,8.62
CCc1c(N)ncnc1N1CCC(c2nc(-c3ccc(F)c(C)c3)cn2CCN2CCCC2)CC1,8.18
Cc1ccc(NC(=O)NC2CCN(Cc3ccc(-c4nnc5n4-c4cccnc4Nc4ccccc4-5)cc3)CC2)cc1,6.36
C[C@H](Nc1ncnc(N)c1C#N)c1nc2ccc(F)cc2c(NCCS(C)(=O)=O)c1-c1ccccc1,9.3
Cc1nc(N)nc(-n2c(Nc3ccon3)nc3ccccc32)n1,6.58
Cc1nc(N)nc(-c2cccnc2Nc2cnc(Cl)c(NS(=O)(=O)N(C)C(C)C)c2)n1,6.39
C[C@@H]1SCc2ncnc(N3CCN(C(=O)[C@H](N)Cc4ccc(Cl)c(F)c4)CC3)c21,6.75
Nc1nc([C@H]2C[C@@H]3CC[C@H](C2)N3C(=O)c2nnc[nH]2)cn2c(-c3cnn(-c4ccccc4)c3)cnc12,5.95
CCNC(=O)Nc1ccc(-c2nc(CS(C)(=O)=O)cc(N3CCOC[C@@H]3C)n2)cc1,6.17
Cc1cc(C(C)Nc2cc(F)cc(F)c2)c2nc(N3CCOCC3)cc(=O)n2c1,8.05
Cc1sc2ccccc2c1-c1nc(N2CCOCC2)c2sc(CN3CCC(N(C)C)CC3)cc2n1,5.42
C[C@@H]1Cc2ccccc2N1C(=O)Cc1nc(N2CCOCC2)c(F)c(=O)n1C,6.92
C[C@H]1COCCN1c1cc(C2(S(=O)(=O)CCCO)CC2)nc(-c2ccc(NC(=S)NC3CC3)cc2)n1,7.65
O=C(NC1(c2ccc(-c3nnc4n3-c3ccc(Cl)nc3Nc3ccccc3-4)cc2)CCC1)C(F)(F)F,5.03
CN(C)c1cccc(NC(=O)Cc2nc(N3CCOCC3)cc(=O)[nH]2)c1,6.84
CN(C)CCCOc1ccc(-c2ccc3ncc4c(c3c2)n(C2(C)CCOCC2)c(=O)n4C)cn1,6.58
Cc1nc2c(N)cc(N3CCOCC3)nn2c1Nc1cccc(C(F)(F)F)c1CN1CCN(C)CC1,7.77
CC(=O)N(C)c1ccc2ccn(-c3cc(NC4CC4)n4ncc(C#N)c4n3)c2c1,7.52
Cc1cccc2oc(Cc3nc(N4CCOCC4)cc(=O)[nH]3)nc12,7.12
NC1(c2ccc(-c3c(-c4ccccc4)ccc4ncnn34)cc2)CCC1,6.53
c1cc(-c2cnc3[nH]c4cnc(-c5cnoc5)cc4c3c2)ccc1CN1CCCCC1,8.96
CNC(=O)Nc1ccc(-c2nc(CS(C)(=O)=O)cc(N3CCOC[C@@H]3C)n2)cc1,5.94
CN(C)C(=O)c1cc(CN(C)c2cc(F)cc(F)c2)c2oc(N3CCOCC3)cc(=O)c2c1,7.46
Cc1nc(-c2cn3c(n2)-c2ccc(-c4cnn(C)c4)cc2OCC3)n(C(C)C)n1,9.15
C[C@H](Nc1ncnc2[nH]cnc12)c1nn2cccc2c(=O)n1-c1ccccc1,8.15
C[C@@H]1OCc2ncnc(N3CCN(C(=O)[C@H](N)Cc4ccc(Cl)cc4)CC3)c21,6.21
CCN(CCn1cc(-c2ccc(F)c(C)c2)nc1C1CCN(c2ncnc(N)c2OC(C)C)CC1)C(C)C,8.2
C=Cc1c(N)ncnc1N1CCC(c2nc(-c3ccnc(C(C)C)c3)cn2CCN2CCC2)CC1,8.66
O=C(Cc1nc(N2CCOCC2)cc(=O)[nH]1)Nc1cccc(OC(F)(F)C(F)F)c1,7.16
CC(C)(C)NCCn1cc(-c2ccc(F)c(C(F)(F)F)c2)nc1C1CCN(c2ncnc(N)c2C#N)CC1,8.72
CCOC(=O)Cc1nc(N2CCOCC2)cc(=O)[nH]1,6.99
O=C(Nc1ccc(-c2nnc3n2-c2cccnc2Nc2ccccc2-3)cc1)c1ccc(-c2ccccc2)cc1,6.11
Nc1ncnc(N2CCC(c3nc(-c4ccc(F)c(C(F)(F)F)c4)cn3CCN3CCCC3)CC2)c1-c1ccc(F)cc1,6.85
CO[C@H]1CC[C@H](n2c(=O)n(C)c3cnc4cc(F)c(-c5ccc(OCCCN(C)C)nc5)cc4c32)C1,5.48
Nc1cc(C(F)F)c(-c2nc(N3CCOCC3)nc(N3CC4CCC(C3)O4)n2)cn1,6.84
Clc1ccc2nc(CCNCc3ccc(-c4nnc5n4-c4cccnc4Nc4ccccc4-5)cc3)[nH]c2c1,6.82
CCc1cc(-c2c[nH]c3ncc(-c4cnn(C)c4)cc23)nc(N)n1,4.96
CCCCCCCCCCCCCCCC(=O)C[C@H](COP(=O)(O)O[C@H]1[C@@H](O)[C@@H](O)[C@H](O)C[C@H]1O)C(=O)CCCCCCCCCCCCCCC,4.56
N[C@H](COc1cncc(/C=C/c2ccncc2)c1)Cc1cccc2ccccc12,6.49
CCNC(=O)c1cc(C(C)Nc2cc(F)cc(F)c2)c2oc(N3CCOCC3)cc(=O)c2c1,7.85
CC(C)(O)c1ccc(-c2cnc3c(n2)N(CC2CCOCC2)CC(=O)N3)cn1,6.5
O=C(c1ccccc1)N1CCN(Cc2ccc(-c3nnc4n3-c3cccnc3Nc3ccccc3-4)cc2)CC1,5.72
N#Cc1c(N)ncnc1N1CCC(c2nc(-c3ccc(F)c(C(F)(F)F)c3)cn2CCO)CC1,6.89
CCNC(=O)Nc1ccc(-c2nc3c(c(N4CCOC[C@@H]4C)n2)C[C@H]2CC[C@@H]3N2C)cc1,7.8
c1c[nH]c(-c2nnc3n2-c2cccnc2Nc2ccccc2-3)c1,5.1
CCN(CCN1CCOCC1)Cc1cccc(-c2c([C@H](C)Nc3ncnc(N)c3C#N)cc3scc(C)n3c2=O)c1,8.9
Cc1nnc(NS(=O)(=O)c2ccc(NS(=O)(=O)c3ccc4ccccc4c3)cc2)s1,4.6
O=C(Cc1nc(N2CCOCC2)cc(=O)[nH]1)N1c2ccccc2CC1CO,7.57
CN(C)CC(=O)N1CCN(Cc2cn3cc(-c4cnc(N)nc4)nc(N4CCOCC4)c3n2)CC1,6.32
CC(Nc1ccccc1F)c1cc(C(=O)NCCN(C)C)cn2c(=O)cc(N3CCOCC3)nc12,7.64
CCN(Cc1ccncc1)Cc1ccc(-c2nnc3n2-c2cccnc2Nc2ccccc2-3)cc1,5.68
COc1ncc(-c2cc3c(C)nc(N)nc3n([C@H]3CC[C@H](OCO)CC3)c2=O)cn1,7.66
CCn1c(-c2nonc2N)nc2c(C#CC(C)(C)O)ncc(OCCCCN)c21,5.82
N[C@H](COc1cncc(-c2ccc(CO)cc2)c1)Cc1c[nH]c2ccccc12,5.4
COc1ccc(S(=O)(=O)Nc2nccc(-c3ccc4nc(NC(C)=O)sc4c3)n2)cc1,5.6
Cc1cccc(C(=O)N2CCN(Cc3ccc(-c4nnc5n4-c4cccnc4Nc4ccccc4-5)cc3)CC2)c1,5.89
C=C(C)c1c(N)ncnc1N1CCC(c2nc(-c3ccc(F)c(C(F)(F)F)c3)cn2CCN(C)C)CC1,7.82
COc1ccc(-c2ccc3ncnc(O[C@H]4CCN(C(C)=O)C4)c3c2)cc1OC,7.09
CNC(=O)[C@@H]1CCCN1C(=O)Nc1nc(C)c(-c2ccnc(C(C)(C)C)c2)s1,5.24
CC1Cc2c(Cl)cccc2N1C(=O)Cc1nc(N2CCOCC2)c(F)c(=O)[nH]1,7.72
O=c1cc(N2CCOCC2)nc(Cc2nc3c(-c4cccs4)cccc3o2)[nH]1,7.66
O=C(Cc1nc(N2CCOCC2)cc(=O)[nH]1)N1CCc2cc(Cl)ccc21,6.91
O=S(=O)(NC1(c2ccc(-c3nnc4n3-c3cccnc3Nc3ccccc3-4)cc2)CCC1)c1ccc(F)cc1,6.24
COc1ncc(N2CCc3ncnc(O[C@H]4CCN(C(=O)C5CCOCC5)C4)c3C2)cc1C(F)(F)F,7.43
Nc1ncnc(N2CCC(c3nc(-c4ccnc(C(F)(F)F)c4)cn3CCN3CCC3)CC2)c1OCC(F)(F)F,7.68
CCc1c(N)ncnc1N1CCC(c2nc(-c3ccc(F)c(OC)c3)cn2CCN2CCC2)CC1,8.32
CCS(=O)(=O)C(C)(C)c1cc(-c2cnc(N)cc2C(F)(F)F)nc(N2CCOCC2)n1,6.02
Cc1cc(C(=O)NC(CN)c2ccccc2)sc1-c1ccnc2[nH]ccc12,6.92
COc1ncc(Nc2ncc(C3(O)CC3)cc2-c2nc(C)nc(N)n2)cc1F,7.75
O=c1ccnc2ccc(-c3cnc(Cl)c(NS(=O)(=O)c4ccccc4F)c3)cn12,7.46
Cc1nc(N)ncc1-c1nc(N2CCOCC2)nc(N2CCOCC2)n1,6.77
O=c1cc(N2CCOCC2)nc(Cc2nc3ccccc3[nH]2)[nH]1,6.18
CCc1nc(N)nc(-n2c(Nc3cccc(O)c3)nc3ccccc32)n1,6.39
CCNC(=O)Nc1ccc(-c2nc3c(c(N4CCOC[C@@H]4CC)n2)CCN(c2ncccn2)C3)cc1,8.82
CC(=O)Nc1nc2ccc(-c3cnc(Cl)c(NS(=O)(=O)c4cccc(F)c4)c3)cc2s1,7.89
Cc1nc(NC(=O)N2CCC[C@H]2C(N)=O)sc1-c1csc(CC2CC2)n1,6.28
CCCCCCCCCCCCCCCCCCOC[C@H](COP(=O)(O)O[C@H]1[C@@H](O)[C@@H](O)[C@H](O)C[C@H]1O)n1ccnc1,4.43
CN(C)c1ccc(-c2ccnc3ccc(-c4cnc(Cl)c(NS(=O)(=O)c5ccc(F)cc5)c4)cc23)cc1,7.21
Cn1c(CC(=O)Nc2ccc(F)c(C(F)F)c2)nc(N2CCOCC2)cc1=O,6.58
N[C@@H](CCc1ccccc1)COc1cncc(/C=C/c2ccncc2)c1,5.1
CC(=O)Nc1nc2ccc(-c3cnc(Cl)c(NS(=O)(=O)c4cccc(Cl)c4)c3)cc2s1,7.92
COc1ncc(-c2ccc3ncc(C)c(=O)n3c2)cc1NS(=O)(=O)c1ccc(F)cc1F,7.55
NCC(NC(=O)c1cc(-c2cn[nH]c2)c(-c2ccnc3[nH]ccc23)s1)c1ccccc1,5.6
CCn1c(-c2nonc2N)nc2c(C#CCO)ncc(OCCCN)c21,5.95
CNCCn1cc(-c2ccc(F)c(C(F)(F)F)c2)nc1C1CCN(c2ncnc(N)c2C#N)CC1,8.82
N#Cc1ccc(-c2c(-c3ncn[nH]3)sc(N3CCOCC3)c2C#N)c(F)c1,7.1
CN(C)CC(=O)N1CCC(n2ncc(-c3cnc(N)c(-n4nnc5ccccc54)n3)n2)CC1,6.85
C[C@H]1COCCN1c1cc(C2(S(=O)(=O)CCCO)CC2)nc(-c2ccc(NC(=S)NCCO)cc2)n1,7.82
NC1(c2ccc(-c3nc4ccccn4c3-c3ccccc3)cc2)CCC1,6.91
Oc1cccc(Nc2nc3ccccc3n2-c2ncnc(NCc3ccccn3)n2)c1,5.62
Nc1ncnc(N2CCC(c3nc(-c4ccc(F)c(C(F)(F)F)c4)cn3CCN3CCC3)CC2)c1-c1cn[nH]c1,8.16
C[C@H]1COCCN1c1nc(N2CCOCC2)nc2nc(-c3ccc(N)nc3)ccc12,6.53
C[C@@H](Nc1cc(F)cc(F)c1)c1cc(C(=O)N(C)C)cn2c(=O)cc(N3CCOCC3)nc12,8.52
NC(=O)Cc1cccc(-c2cncc(OC[C@@H](N)Cc3c[nH]c4ccccc34)c2)c1,5.86
O=S(=O)(Nc1cc(-c2ccc3nccc(-c4ccncc4)c3c2)cnc1Cl)c1ccc(F)cc1,8.43
CNCCCOc1ccc(-c2ccc3ncc4c(c3c2)n([C@@H]2CCCOC2)c(=O)n4C)cn1,6.78
O=C(Cc1nc(N2CCOCC2)cc(=O)[nH]1)Nc1cccc(OC(F)F)c1,6.32
C[C@H]1COCCN1c1nc(N2CCOC[C@@H]2C)c2ccc(-c3ccc4nc[nH]c(=O)c4c3)nc2n1,6.45
CC(=O)Nc1nc(C)c(-c2cnc(C(C)(C)C)o2)s1,6.95
COc1ncc(Nc2nc3ccc(N4CCN(C(C)C)CC4)cn3c2-c2nc(C)nc(N)n2)cc1F,6.53
O=c1[nH]c2ccccc2n1C1CCN(Cc2ccc(-c3nc4ccc(-n5cnnn5)cc4nc3-c3ccccc3)cc2)CC1,7.2
COc1ccc(-c2ccc3ncnc(O[C@H]4CCN(C(=O)OC(C)(C)C)C4)c3c2)cc1OC,7.36
CNCCCOc1ccc(-c2ccc3ncc4c(c3c2)n([C@H]2CCCOC2)c(=O)n4C)cn1,6.57
COc1ccc(S(=O)(=O)N(C)c2nccc(-c3ccc4nc(NC(C)=O)sc4c3)n2)cc1,6.47
Cn1cc(-c2ccc(F)c(C(F)(F)F)c2)nc1C1CCN(c2ncnc(N)c2-c2ccc(N)nc2)CC1,5.57
NS(=O)(=O)c1ccc(-n2nc(C(F)(F)F)cc2-c2c3ccccc3cc3ccccc23)cc1,4.92
CCC[C@@H]1NC(=O)[C@H](CCCNC(=N)N)NC(=O)CN(C(=O)[C@@H](N)CCCNC(=N)N)CCCNC(=O)NCCCN(CC(N)=O)C(=O)[C@H](CCC(C)C)NC(=O)[C@H](CN)NC(=O)[C@H](Cc2ccc(O)cc2)NC1=O,6.23
CO[C@@H]1CC[C@@H](n2c(=O)n(C)c3cnc4ccc(-c5ccc(OCCCN(C)C)nc5)cc4c32)C1,5.98
O=c1[nH]c2ccccc2n1C1CCN(Cc2ccc(-c3nnc4n3-c3ccccc3Nc3ccccc3-4)cc2)CC1,6.03
NC[C@H](Cc1ccc(F)cc1)NC(=O)c1cc(Br)c(-c2ccnc3[nH]ccc23)s1,6.75
COc1ccccc1C(=O)Nc1ccc(-c2nnc3n2-c2cccnc2Nc2ccccc2-3)cc1,6.28
O=C(NCCc1ccc(-c2nnc3n2-c2cccnc2Nc2ccccc2-3)cc1)Nc1ccccc1,6.92
O=c1[nH]nc(-c2cc3c(s2)-c2ccccc2OCC3)n1-c1ccccc1Cl,7.7
CCNC(=O)Nc1ccc(-c2nc3c(c(N4CCOC[C@@H]4C)n2)[C@@H]2CC[C@H](C3)N2C2COC2)cc1,7.35
CCN(c1nccc(-c2ccc3nc(NC(C)=O)sc3c2)n1)S(=O)(=O)c1ccc(OC)cc1,6.52
Nc1ncnc(N2CCC(c3nc(-c4ccc(F)cc4)cn3CCN3CCCC3)CC2)c1Cl,8.48
COc1cc2ncc3c(N)nc(-c4cncc(OC[C@@H](N)Cc5c[nH]c6ccccc56)c4)cc3c2cc1OC,6.52
CN(C)CCN(C)CCn1cc(-c2ccc(F)c(C(F)(F)F)c2)nc1C1CCN(c2ncnc(N)c2C#N)CC1,7.12
CN(C)C1CCN(Cc2cc3nc(-c4cccc5nccn45)nc(N4CCOCC4)c3s2)CC1,6.75
NC1(C(=O)N[C@@H](CCN2CCCCC2)c2ccc(Cl)cc2)CCN(c2ncnc3[nH]ccc23)CC1,7.11
CC(Nc1cc(F)c(F)c(F)c1)c1cc(C(=O)N(C)C)cn2c(=O)cc(N3CCOCC3)nc12,7.96
C=C(C)c1c(N)ncnc1N1CCC(c2nc(-c3ccc(F)c(C(F)(F)F)c3)cn2CCN2CCCC2)CC1,7.7
CCOc1c(N)ncnc1N1CCC(c2nc(-c3ccc(F)c(C)c3)cn2CCN2CCC2)CC1,8.68
CNC(=O)c1nc(-c2cc(C)c3c(c2)CN([C@@H](C)C2CC2)C3=O)cnc1N,6.4
CCn1c(-c2nonc2N)nc2c(C#CC3CC3)ncc(OCCCN)c21,5.41
CN(C)S(=O)(=O)n1cc(-c2nc(-c3nc(C4(c5ccccc5)CC4)n(C)n3)cnc2N)cn1,7.05
COc1ncc(Nc2nc3ccc(C(C)(C)O)cn3c2-c2nc(C)nc(N)n2)cc1F,8.35
CC1Cc2cc(F)ccc2N1C(=O)Cc1nc(N2CCOCC2)c(F)c(=O)n1C,7.26
CNCCn1cc(-c2ccnc(C(F)(F)F)c2)nc1C1CCN(c2ncnc(N)c2Cl)CC1,8.85
COc1ccc(-c2nc3ccc(-c4cccc(N5CCOCC5)c4)nc3n2-c2ccc(C3(N)CCC3)cc2)cc1,8.32
C[C@@H]1CN(C(=O)Cc2nc(N3CCOCC3)cc(=O)[nH]2)c2ccccc21,7.8
NC1(c2ccc(-c3ncc4cccnc4c3-c3ccccc3)cc2)CCC1,6.98
CCNC(=O)Nc1ccc(-c2nc(N3CCOC[C@@H]3C)c3c(ncn3C)n2)cc1,6.2
O=C(Cc1nc(N2CCOCC2)cc(=O)[nH]1)Nc1cccc2c1OCCN2,6.33
N=c1ccc2nc(-c3ccc(C4(NC(=O)Cc5cccnc5)CCC4)cc3)c(-c3ccccc3)cc2n1C(N)=O,7.41
CCCc1nc(N)nc(-n2c(Nc3cccc(O)c3)nc3ccccc32)n1,5.58
O=C(Cc1nc(N2CCOCC2)cc(=O)[nH]1)Nc1ccc(F)cc1OCC1CCNCC1,6.76
C[C@H]1COCCN1c1cc(C2(S(C)(=O)=O)CC2)nc(-c2ccc(NC(=O)NC3CC3)cc2)n1,7.43
CCn1c(Cc2nc(N3CCOCC3)cc(=O)[nH]2)nc2ccccc21,7.58
C[C@H]1Cc2ccccc2N1C(=S)Cc1nc(N2CCOCC2)cc(=S)[nH]1,8.4
CCOc1c(N)ncnc1N1CCC(c2nc(-c3ccnc(C(F)(F)F)c3)cn2CCN2CCC2)CC1,8.09
CC(C)Nc1ccc2cnn(-c3cncc(-c4ccc(C(=O)O)cc4)n3)c2c1,6.96
NS(=O)(=O)c1ccc(-n2nc(C(F)(F)F)cc2-c2ccc3ccccc3c2)cc1,4.62
N#Cc1cc2c(cn1)[nH]c1ncc(-c3cccnc3)cc12,7.12
NCC(C(=O)Nc1ccc(-c2ccnc3[nH]ccc23)s1)c1ccccc1,6.25
CC(C)Cn1ncnc1-c1cc2c(s1)-c1ccc(C(N)=O)cc1OCC2,6.55
NCCn1cc(-c2ccc(F)c(C(F)(F)F)c2)nc1C1CCN(c2ncnc(N)c2C(N)=O)CC1,7.82
CN(C)CCn1cc(-c2ccc(F)c(C(F)(F)F)c2)nc1C1CCN(c2ncnc(N)c2C2=CCCC2)CC1,7.51
Cc1nc(N)nc(-c2cccnc2Nc2cnc(Cl)c(NS(C)(=O)=O)c2)n1,7.7
O=C(C1CCCC1)N1CCN(Cc2ccc(-c3nnc4n3-c3cccnc3Nc3ccccc3-4)cc2)CC1,5.47
C=C(C)c1c(N)ncnc1N1CCC(c2nc(-c3ccc(F)c(C(F)(F)F)c3)cn2CCN2CCCCC2)CC1,7.8
CC(C)n1ncnc1-n1cc2c(n1)-c1ccccc1OCC2,5.62
CC(C)(C)c1nc2c(s1)CCc1nc(NC(=O)N3CCC[C@H]3C(N)=O)sc1-2,7.72
Cn1c(CC(=O)N2CCc3c2ccc(F)c3F)nc(N2CCOCC2)cc1=O,7.16
CCNC(=O)Nc1ccc(-c2nc3c(c(N4CCOC[C@@H]4C)n2)[C@H]2CC[C@@H](C3)N2CC)cc1,8.49
Cc1cc(-c2cn(CC3CNC3)c(C3CCC(c4ncnc(N)c4C(C)C)CC3)n2)ccc1F,7.8
N#CCc1ccc(-n2nc(C(F)(F)F)cc2-c2ccc3c(ccc4ccccc43)c2)cc1,4.38
CCC[C@@H]1NC(=O)[C@H](CCCNC(=N)N)NC(=O)CN(C(=O)[C@@H](N)CCCNC(=N)N)CCCNC(=O)NCCCCCCN(CC(N)=O)C(=O)[C@H](CCC(C)C)NC(=O)[C@H](CN)NC(=O)[C@H](Cc2ccc(O)cc2)NC1=O,6.5
c1nnc(-c2cc3c(cn2)[nH]c2ncc(-c4ccc(CN5CCCCC5)cc4)cc23)o1,9.02
CC(C)n1ncnc1-c1nc2c(s1)CCOc1cc(C3CN(C(C)(C)C(N)=O)C3)ccc1-2,7.05
CN1CCN(c2ccc(-c3cncc(-c4ccc(C(N)=O)cc4)n3)cc2)CC1,6.41
Cn1ccc2ccc3c4[nH]c5c(CCCN[C@H]6CC[C@H](O)CC6)cccc5c4c4c(c3c21)C(=O)NC4=O,5.26
CC(=O)Nc1nc(C)c(-c2cnc(N3CCOCC3)o2)s1,6.22
CCc1c(N)ncnc1N1CCC(c2nc(-c3ccc(F)c(F)c3)cn2CCN2CC(F)C2)CC1,6.42
Cc1nc(NC(=O)N2CC[C@@H](C)[C@H]2C(N)=O)sc1-c1ccnc(C(C)(C)C(F)(F)F)c1,7.72
CN(C)CCC(NC(=O)C1(N)CCN(c2ncnc3[nH]ccc23)CC1)c1ccc(Cl)cc1,7.02
N[C@H](COc1cncc(-c2ccc3cnc(-c4ccncc4)cc3c2)c1)Cc1c[nH]c2ccccc12,6.91
C=Cc1c(N)ncnc1N1CCC(c2nc(-c3ccc(F)c(F)c3)cn2CCN2CCCC2)CC1,8.01
NC(=O)c1ccc2c(c1)OCCc1cc(-c3ncnn3-c3ccc(F)cc3F)sc1-2,7.77
COC(=O)c1cc(F)ccc1NC(=O)Cc1nc(N2CCOCC2)cc(=O)[nH]1,6.37
N[C@H](COc1cncc(-c2ccc3c(c2)C(C2CC2)C(=O)N3)c1)Cc1c[nH]c2ccccc12,8.48
O=C(Nc1ccc(-c2nnc3n2-c2cccnc2Nc2ccccc2-3)cc1)c1cccnc1,6.58
Cc1nc(N)nc(-c2cccnc2Nc2cnc(Cl)c(NS(=O)(=O)c3ccc(F)cc3)c2)n1,6.73
CCC[C@H](NC(=O)[C@H](CCCNC(=N)N)NC(=O)CN(CCCCCCN)C(=O)[C@@H](N)CCCNC(=N)N)C(=O)N[C@@H](Cc1ccc(O)cc1)C(=O)N[C@@H](CN)C(=O)N[C@@H](CCC(C)C)C(=O)N(CCN)CC(N)=O,6.5
CCCCCCCCCCCCCCCCCCOC[C@H](COC(=O)O[C@H]1[C@@H](O)[C@@H](O)[C@H](O)[C@H](CO)[C@H]1O)OC,5.3
COc1cc(-c2cc(C)nc(N)n2)c(Cl)cc1Cl,5.0
FC(F)(F)c1cc(-c2ccc3c(ccc4ccccc43)c2)n(-c2ccc(-c3nnn[nH]3)cc2)n1,4.28
CN1CCN(c2ccc(-c3cncc(-c4ccc(-c5nnn[nH]5)cc4)n3)cc2)CC1,6.33
CC(=O)Nc1nc2ccc(-c3ccnc(N(C)S(=O)(=O)c4ccc(C)cc4)n3)cc2s1,6.48
NC[C@H](Cc1cccc(F)c1)NC(=O)c1cc(Br)c(-c2ccnc3[nH]ccc23)s1,7.05
CN(C)C(=O)CC(NC(=O)C1(N)CCN(c2ncnc3[nH]ccc23)CC1)c1ccc(Cl)cc1,6.17
CC(C)Oc1c(N)ncnc1N1CCC(c2nc(-c3ccc(F)c(C(F)(F)F)c3)cn2CCN2CCC2)CC1,8.1
C[C@H]1COCCN1c1cc(C2(S(=O)(=O)C3CC3)CC2)nc(-c2ccc(NC(=O)NCCO)cc2)n1,7.45
Cc1cc(-c2cn(CCNC3CC3)c(C3CCN(c4ncnc(N)c4-c4cn[nH]c4)CC3)n2)ccc1F,6.82
Cc1nc(-c2cn3c(n2)-c2ccc(-c4cnn(CCN5CCOCC5)c4)cc2OCC3)n(C(C)C)n1,7.46
COc1ccc(-c2ccc3c(N4CCOC[C@@H]4C)nc(N4CC[C@@H](O)C4)nc3n2)cc1CO,7.22
COc1ncc(Nc2ncc([C@H](N3CCN(S(C)(=O)=O)CC3)C(F)(F)F)cc2-c2nc(C)nc(N)n2)cc1F,7.36
Cc1cc(C(=O)N(C)C)ccc1C1CCCN1C(=O)c1cc(Cl)c(O)cc1O,6.52
O=C(Cc1nc(N2CCOCC2)cc(=O)[nH]1)N1CCc2c(-c3ccccn3)cccc21,7.18
NCC(C(=O)Nc1cc(Br)c(-c2ccnc3[nH]ccc23)s1)c1ccccc1,5.33
C[C@H]1COCCN1c1nc(-c2cnc(N)cc2F)cc(C2(S(C)(=O)=O)CC2)n1,6.71
CCc1c(N)ncnc1N1CCC(c2nc(-c3cncc(C(F)(F)F)c3)cn2CCN2CCC2)CC1,7.75
NC(=O)c1ccc(NCCc2ccc(F)cc2)c2cncnc12,5.32
NC1(c2ccc(-c3ncc4nccn4c3-c3ccccc3)cc2)CCC1,6.44
COc1cccc2c1CCN2C(=O)Cc1nc(N2CCOCC2)cc(=O)[nH]1,7.22
CC(=O)Nc1nc(C)c(-c2cc(C)c3c(c2)CN([C@@H](C)C2CC2)C3=O)s1,8.2
CC(C)(C)c1ccc(-c2ccc(-c3cc(C(F)(F)F)nn3-c3ccc(S(N)(=O)=O)cc3)cc2)cc1,4.5
NCC(NC(=O)c1cc(-c2ccnc3[nH]ccc23)cs1)c1ccccc1,6.0
CCOc1c(N)ncnc1N1CCC(c2nc(-c3ccc(F)c(C(F)(F)F)c3)cn2CCNC(C)C)CC1,8.82
CN(C)CCCOc1ccc(-c2ccc3ncc4c(c3c2)n(C2CCC2)c(=O)n4C)c(F)n1,5.5
O=C1C[C@H]2O[C@@H](c3ccc(O)cc3)C3=C(C(=O)c4ccccc4C3=O)[C@H]2O1,7.1
CC(Nc1ncnc(N)c1C#N)c1nc2ccc(F)cc2c(N(C)C)c1-c1ccccn1,8.44
NC[C@@H](Cc1ccccc1)NC(=O)c1cc(Br)c(-c2ccnc3[nH]ccc23)s1,5.22
N#Cc1cccc(NC(=O)Cc2nc(N3CCOCC3)cc(=O)[nH]2)c1O,6.03
CCn1c(-c2nonc2N)nc2c(C#CC(C)(C)O)nc(CCCN)cc21,8.52
CC(C)n1ncnc1-c1nc2c(s1)CCOc1cc(C3CN(C(=O)CO)C3)ccc1-2,7.17
CC(C)N1CCN(c2cnc3ccc(-c4cnc(Cl)c(NS(=O)(=O)c5ccc(F)cc5)c4)cc3n2)CC1,7.77
COc1ncc(-c2ccc3nccc(=O)n3c2)cc1NS(=O)(=O)c1ccc(F)cc1,7.09
CCOc1ccc(NC2=C(Cl)C(=O)c3[nH]ncc3C2=O)cc1,5.31
CNc1nc(-c2ccc3c(N)n[nH]c3c2)cc(N2C[C@@H](C(=O)NC3CCCCC3)CC[C@H]2C)n1,8.0
FC(F)(F)c1cc(Cl)ncc1-c1nc(N2CCOCC2)nc(N2CCOCC2)n1,4.28
CCc1c(N)ncnc1N1CCC(c2nc(-c3ccc(F)c(C(F)(F)F)c3)cn2CCN2CC(F)C2)CC1,7.15
NC(=O)c1c(N)ncnc1N1CCC(c2nc(-c3ccc(F)c(C(F)(F)F)c3)cn2CCNC2CCCC2)CC1,8.08
O=c1cc(N2CCOCC2)nc(Cc2nc3c(-c4ccccc4)cccc3o2)[nH]1,7.89
Cc1nc2c(-c3cnc[nH]3)cc(N3CCOCC3)nn2c1Cc1cccc(C(F)(F)F)c1C,7.32
CC(=O)Nc1nc(C)c(-c2cc(Cl)c3c(c2)CN([C@H](C)C2CC2)C3=O)s1,7.4
Cc1ccc(CC(CNC(C)C)C(=O)N2CCN(c3ncnc4c3[C@H](C)OC4)CC2)cc1,6.0
CCc1cc(-c2c[nH]c3ncc(-c4ccc(N)nc4)cc23)nc(N)n1,4.68
C[C@H]1COCCN1c1nc(N2CCOC[C@@H]2C)c2ccc(-c3ccc4[nH]nc(N)c4c3)nc2n1,7.22
N#Cc1c(N)ncnc1N1CCC(c2nc(-c3ccnc(F)c3)cn2CCN2CCC2)CC1,7.89
N[C@H](COc1cncc(-c2ccc3c(c2)C(c2c[nH]c4ccccc24)C(=O)N3)c1)Cc1c[nH]c2ccccc12,6.82
COC(C)c1nc2ccccc2n1-c1nc(N2CCOCC2)c2nc(CN3CCC(C(C)(C)O)CC3)n(C)c2n1,8.0
Nc1nccc2cc(-c3cncc(OC[C@@H](N)Cc4c[nH]c5ccccc45)c3)ccc12,6.73
CCC(=O)Nc1cccc(Nc2cc(Nc3cccc(Br)c3)ncn2)c1,6.87
COc1cccc(NC(=O)Cc2nc(N3CCOCC3)cc(=O)[nH]2)c1,7.33
Nc1nc2ccc(-c3cnc(Cl)c(NS(=O)(=O)c4ccc(F)cc4)c3)cc2o1,7.0
CC(C)[C@H](NC(=O)c1ccc(NCCNC(=N)N)cc1)C(=O)N[C@@H](Cc1ccccc1)C(=O)NCc1ccccc1,2.41
CC(C)(C)NS(=O)(=O)c1cncc(-c2ccc3nc(N)nn3c2)c1,5.7
C=Cc1c(N)ncnc1N1CCC(c2nc(-c3ccc(F)cc3)cn2CCN2CCCC2)CC1,7.8
COc1ncc(-c2ccc3ncc4c(c3c2)n(C2CC2)c(=O)n4C)cc1NS(=O)(=O)C1CC1,7.88
c1ncc(-c2cc3c(cn2)[nH]c2ncc(-c4ccc(CN5CCCCC5)cc4)cc23)o1,9.34
CCC1SCc2ncnc(N3CCN(C(=O)[C@H](N)Cc4ccc(Cl)cc4)CC3)c21,5.92
O=C1NCN(c2ccccc2)C12CCN(Cc1ccc(-c3nnc4n3-c3cccnc3Nc3ccccc3-4)cc1)CC2,6.02
c1ncc(-c2cc3c(cn2)[nH]c2ncc(-c4ccc(CN5CCCCC5)cc4)cc23)cn1,8.29
CNC(=O)c1nc(-c2cccc(C(F)(F)F)c2)cnc1N,5.26
COc1c(N)ncnc1N1CCC(c2nc(-c3ccnc(C(F)(F)F)c3)cn2CCN2CCC2)CC1,7.68
COc1ccc(S(=O)(=O)Nc2cc(-c3ccc4nc(NC(C)=O)sc4c3)ccn2)cc1,7.48
CN1CCN(C(=O)c2cc([C@H]3CCCN3c3cc(F)cc(F)c3)c3oc(N4CCOCC4)cc(=O)c3c2)CC1,8.64
N#Cc1c(N)ncnc1N1CCC(c2nc(-c3ccc(F)c(C(F)(F)F)c3)cn2CCNCC2CC2)CC1,8.8
N[C@H](COc1cncc(-c2ccc3c(c2)C(c2cccnc2)C(=O)N3)c1)Cc1c[nH]c2ccccc12,7.98
C#CCNc1nc(C)nc(-n2c(Nc3cc[nH]n3)nc3ccccc32)n1,6.82
N#CCNc1ncnc(-n2c(Nc3cccc(O)c3)nc3ccccc32)n1,6.16
Nc1ncnc(N2CCC(c3nc(-c4ccc(F)c(C(F)(F)F)c4)cn3CCN3CCCC3)CC2)c1F,7.64
[C-]#[N+]c1cccc(C(=O)N2CCN(Cc3ccc(-c4nnc5n4-c4cccnc4Nc4ccccc4-5)cc3)CC2)c1,5.7
Nc1nc2cc(-c3cnc4[nH]c(=O)n(CC5CCCCC5)c4n3)ccc2[nH]1,7.04
CNC(=O)c1ccc2c(c1)OCCc1sc(-c3ncnn3C(C)C)nc1-2,6.71
CCc1[nH]c2nc(C)nc(-c3cc(OC)c(Cl)cc3Cl)c2c1C#N,6.3
O=S(=O)(Nc1cc(-c2ccc3ncc(NCC4CCCNC4)nc3c2)cnc1Cl)c1ccc(F)cc1,5.57
Nc1nc2c(c(-c3c(Cl)cc(Cl)cc3OCCN3CC(F)(F)C3)n1)CN(C(=O)NC1CCC1)C2,6.36
CC(=O)Nc1nc2ccc(-c3ccnc(N(C)S(=O)(=O)c4ccccc4F)n3)cc2s1,6.17
Cc1nc(N)nc(-c2cccnc2Nc2cnc(Cl)c(NS(=O)(=O)N3CCOCC3)c2)n1,7.07
O=S(=O)(Nc1cc(-c2ccc3nccnc3c2)cnc1Cl)c1ccc(F)cc1,5.84
[C-]#[N+]c1ccc(C(=O)N2CCN(Cc3ccc(-c4nnc5n4-c4cccnc4Nc4ccccc4-5)cc3)CC2)cc1,6.0
CC(C)c1nc2ccccc2n1-c1nc(N2CCOCC2)c2nc(CN3CCC(C(C)(C)O)CC3)n(C)c2n1,7.72
NC(=O)c1ccc(N[C@H]2CNCC[C@@H]2c2ccc(F)cc2)c2cncnc12,5.66
Cc1cc(-c2cn(CCN(C)C(C)C)c(C3CCN(c4ncnc(N)c4C#N)CC3)n2)ccc1F,8.57
Cc1nc(N)nc2c1cc(-c1cn[nH]c1)c(=O)n2C1CCC1,7.78
COc1ccc(-c2cn(CCN3CCC3)c(C3CCN(c4ncnc(N)c4C(N)=O)CC3)n2)cc1F,4.89
O=C(Nc1ccc(-c2nnc3n2-c2cccnc2Nc2ccccc2-3)cc1)c1ccco1,6.89
Cc1nc(-c2ccc(CN3CCC(n4c(=O)[nH]c5ccccc54)CC3)cc2)c(-c2ccccc2)[nH]c1=O,6.12
C[C@H](Nc1ncnc(N)c1C#N)c1nn2ccnc2c(=O)n1-c1ccccc1,6.68
CC(C)[C@H](NC(=O)c1ccc(CCNC(=N)N)cc1)C(=O)N[C@@H](Cc1ccccc1)C(=O)NCc1ccccc1,2.92
Cc1csc2cc([C@H](C)Nc3ncnc(N)c3C#N)c(-c3cccc(CN4CCC(CN(C)CC(C)C)CC4)c3)c(=O)n12,8.6
Nc1cc(N2CCC(c3nc(-c4ccc(F)c(C(F)(F)F)c4)cn3CCN3CCC3)CC2)ncn1,7.15
Nc1ncnc(N2CCC(c3nc(-c4ccc(C(F)(F)F)c(F)c4)cn3CCN3CCCC3)CC2)c1C1CCC1,8.04
CCCCCCCCCCCCCCCCCCCC[C@@]1(C(=O)OCC)CCC[C@H]1OP(=O)([O-])OCC[N+](C)(C)C,5.16
NC(=O)c1c(N)ncnc1N1CCC(c2nc(-c3ccc(F)c(C(F)(F)F)c3)cn2C2CCNCC2)CC1,6.32
Nc1ncccc1-c1nc2ccc(-c3cccnc3)nc2n1-c1ccc(CNC(=O)c2cccc(F)c2)cc1,7.02
Nc1ncnc(N2CCC(c3nc(-c4ccc(C(F)(F)F)cc4)cn3CCN3CCCC3)CC2)c1C1CCC1,6.37
Cc1nc(N)nc2c1cc(-c1cn[nH]c1)c(=O)n2C1CC1,6.4
CC1Cc2c(Cl)cccc2N1C(=O)Cc1nc(N2CCOCC2)cc(=O)[nH]1,9.0
COc1cc2ncc3c(N)nc(-c4cncc(OC[C@@H](C)N)c4)cc3c2cc1OC,6.42
O=C(N[C@H]1CC[C@H](O)CC1)c1ccc2c(c1)Cc1c(-c3ccc(-c4ccc(O)cc4)cc3)n[nH]c1-2,5.35
CN(C)CCn1cc(-c2ccc(F)c(C(F)(F)F)c2)nc1C1CCN(c2ncnc(N)c2-c2ccc(F)cc2)CC1,6.64
Cc1nc2c(C(=O)O)cc(N3CCOCC3)nn2c1Cc1cccc(C(F)(F)F)c1C,6.5
CCc1c(N)ncnc1N1CCC(c2nc(-c3ccnc(C(F)(F)F)c3)cn2CCNC)CC1,8.68
Cc1n[nH]c2cnc(-c3cncc(OC[C@@H](N)Cc4cccc5c4OC(F)(F)O5)c3)cc12,7.85
N#Cc1c(N)ncnc1N1CCC(c2nc(-c3ccc(F)c(C(F)(F)F)c3)cn2CC2CCN2)CC1,7.51
NC(=O)c1cc2c(cn1)[nH]c1ncc(-c3ccc(CN4CCCCC4)cc3)cc12,8.37
c1ccc(OC2CCCN(Cc3ccc(-c4nnc5n4-c4cccnc4Nc4ccccc4-5)cc3)C2)cc1,6.04
Cc1n[nH]c2ccc(-c3cncc(OC[C@@H](N)Cc4c[nH]c5ccccc45)c3)cc12,9.8
N[N+](=O)CCc1ccc(-n2nc(C(F)(F)F)cc2-c2ccc3c(ccc4ccccc43)c2)cc1,4.82
Cc1nc(N)nc(-n2c(Nc3ccnn3C)nc3ccccc32)n1,6.27
N#Cc1cc2c(cn1)[nH]c1ncc(-c3ccc(CN4CCC(F)CC4)cc3)cc12,8.3
CCNC(=O)Nc1ccc(-c2nc(N3CCOC[C@@H]3CC)c3c(ccn3C)n2)cc1,7.96
COc1ccc(-c2cc3c(C)nc(N)nc3n([C@H]3CC[C@@H](OCO)CC3)c2=O)cn1,7.67
CCC(=O)N1CC[C@H](Oc2ccnc3ccc(-c4ccc(OC)nc4)cc23)C1,6.79
C[C@@H](Oc1cc(F)cc(F)c1)c1cc(C(=O)N(C)C)cc2c(=O)cc(N3CCOCC3)oc12,6.88
Nc1nc2c(c(-c3c(Cl)cc(Cl)cc3OCCn3cccn3)n1)CN(C(=O)NC1CC1)C2,6.82
Cn1c(=O)n([C@H]2CCCOC2)c2c3cc(-c4ccc(OCCCN5CCCC5)nc4)ccc3ncc21,6.22
CC(C)(O)c1ccc(-c2cnc3[nH]c(=O)n(CCC4CCOCC4)c3n2)cn1,6.2
O=C(NCc1ccccc1Cl)NC1CCN(Cc2ccc(-c3nnc4n3-c3cccnc3Nc3ccccc3-4)cc2)CC1,6.04
O=C1C[C@H]2O[C@@H](c3cccc(O)c3)C3=C(C(=O)c4ccccc4C3=O)[C@H]2O1,6.46
Cc1cc(-c2cn(CCN3CCC3)c(C3CCN(c4ncnc(N)c4C(N)=O)CC3)n2)ccc1F,7.85
Cn1nc(-c2cnc(N)c(-c3nnc(C(C)(C)C)o3)n2)nc1C1(c2ccccc2)CC1,7.7
N#Cc1c(N)ncnc1N1CCC[C@H]1c1nn2cccc2c(=O)n1-c1ccccc1,8.18
CS(=O)(=O)Cc1cc(N2CCOCC2)nc(-c2cccc3[nH]ccc23)n1,5.23
CO[C@@H]1CC[C@@H](n2c(=O)n(C)c3cnc4ccc(-c5ccc(NCCCN6CCCCC6)nc5)cc4c32)C1,4.92
NC(=O)c1ccc(N[C@@H]2CNCC[C@H]2c2ccc(F)cc2)c2cncnc12,6.05
Nc1ncc(-c2nc(N3CCOCC3)nc(N3CCOCC3)n2)cn1,6.48
NC(=O)c1ccc(NC2CCNCC2c2ccc(F)cc2)c2cncnc12,5.6
Cc1ccc(-c2c(N)ncnc2N2CCC(c3nc(-c4ccc(F)c(C(F)(F)F)c4)cn3C)CC2)cc1,5.08
CCC[C@H](NC(=O)[C@H](CCCNC(=N)N)NC(=O)CN(CCCCCCN)C(=O)[C@@H](N)CCCNC(=N)N)C(=O)N[C@@H](Cc1ccc(O)cc1)C(=O)N[C@@H](CN)C(=O)N[C@@H](CCC(C)C)C(=O)N(CCCCN)CC(N)=O,6.8
CC1Cc2c(O)cccc2N1C(=O)Cc1nc(N2CCOCC2)cc(=O)[nH]1,7.66
CC1CN(c2cc(=O)[nH]c(CC(=O)N3CCc4c(Cl)cccc43)n2)CCO1,7.92
C[C@@H]1CN(c2cc(=O)c3cc(C(=O)N(C)C)cc(CN(C)c4cc(F)cc(F)c4)c3o2)CCO1,8.7
COc1ccc(-c2cc3c(C)nc(N)nc3n([C@H]3CC[C@@H](OCC(N)=O)CC3)c2=O)cn1,7.63
CC1Cc2c(F)cccc2N1C(=O)Cc1nc(N2CCOCC2)c(F)c(=O)[nH]1,7.62
Cc1nc(N)nc(-c2cc(CN3CCOCC3)cnc2Nc2cnc(Cl)c(NS(=O)(=O)N(C)C)c2)n1,8.41
CCCCCCCCCCCCCCCCCCCCO[C@H]1CCC[C@H]1COP(=O)([O-])OCC[N+](C)(C)C,4.79
COCC(C)NCCn1cc(-c2ccc(F)c(C(F)(F)F)c2)nc1C1CCN(c2ncnc(N)c2C(N)=O)CC1,7.07
NC1(c2ccc(-n3c(-c4ccccc4)nc4ccc(NCc5ccccc5)nc43)cc2)CCC1,6.06
Cc1nc(NC(=O)N2CCCC2)sc1-c1ccnc(C(C)(C)C)c1,6.11
CCc1nc2ccccc2n1-c1nc(N2CCOCC2)c2sc(CN3CCC(C(C)(C)O)CC3)cc2n1,6.94
CC(C)n1ncnc1-c1nc2c(s1)CCOc1cc(C3CN(C[C@H](O)CO)C3)ccc1-2,7.68
c1ccc(-c2nnc(C3CCN(Cc4ccc(-c5nnc6n5-c5ccccc5Nc5ccccc5-6)cc4)CC3)[nH]2)nc1,6.6
NC(=O)c1c(N)ncnc1N1CCC(c2nc(-c3ccc(F)c(C(F)(F)F)c3)cn2CC2CNC2)CC1,7.57
Cc1n[nH]c2c1c([C@H]1C[C@@H]3CC[C@H](C1)N3C(=O)c1nnc[nH]1)nc1c(-c3ccc(-c4ccccc4)nc3)cnn12,9.0
Cc1nc(N)nc2c1cc(-c1cnn(C)c1)c(=O)n2[C@H]1CC[C@H](OCO)CC1,6.54
C=Cc1c(N)ncnc1N1CCC(c2nc(-c3ccc(F)c(C(F)(F)F)c3)cn2CCN2CCC2)CC1,8.38
O=c1cc(N2CCOCC2)nc(Cc2nc3cccc(F)c3o2)[nH]1,7.06
CS(=O)(=O)c1ccc(C(=O)N2CCOc3ccc(-c4ccc5nc[nH]c5c4)cc3C2)c(Cl)c1,5.97
N#Cc1c(N)ncnc1N1CCC(c2nc(-c3ccc(OC(F)F)c(F)c3)cn2CCN2CCC2)CC1,8.39
C[C@H](Nc1ncnc(N)c1C#N)c1nc2ccc(F)cc2c(N2CCOCC2)c1-c1ccccn1,8.92
Nc1nc(-c2cc3c(s2)-c2ccccc2OCC3)c(-c2ccccc2Cl)s1,7.64
Cn1cc(C(CN)Oc2cncc(/C=C/c3ccncc3)c2)c2ccccc21,6.12
N[C@H](COc1cncc(-c2ccc(C(=O)O)cc2)c1)Cc1c[nH]c2ccccc12,4.5
O=C(c1nnc[nH]1)N1[C@H]2CC[C@@H]1C[C@@H](c1nc3c(-c4ccc(-c5ncc[nH]5)nc4)cnn3c3[nH]ccc13)C2,9.0
CC(C)(c1cc(-c2cnc(N)cc2C(F)(F)F)nc(N2CCOCC2)n1)S(=O)(=O)c1ccccc1,5.81
Cn1c(=O)n(C2CCOCC2)c2c3cc(-c4ccc(OCCCN5CCC5)nc4)ccc3ncc21,6.08
O=C1C[C@H]2O[C@H](c3cccs3)C3=C(C(=O)c4ccccc4C3=O)[C@H]2O1,7.24
O=C(Cc1nc(N2CCOCC2)cc(=O)[nH]1)Nc1ccc(F)c(CO)c1,5.0
Cc1cc(-c2cn(CC3CNC3)c(C3CCN(c4ncnc(N)c4OCC(F)(F)F)CC3)n2)ccc1F,8.15
C[C@@H]1CO[C@H](C(=O)Nc2ccccc2)CN1c1cc(-c2ccc3c(N)n[nH]c3c2)nc(N)n1,6.58
CN(C)c1ccc(-c2nnc3n2-c2ccccc2Nc2ccccc2-3)cc1,5.46
c1ccc2c(c1)Nc1ncccc1-n1c(-c3ccc(CN4CCCC4)cc3)nnc1-2,5.37
NS(=O)(=O)c1ccc(-n2nc(C(F)(F)F)cc2-c2ccc(Cc3ccccc3)cc2)cc1,4.82
N#Cc1c(N)ncnc1N[C@@H](CCO)c1nn2cccc2c(=O)n1-c1ccccc1,7.8
CCN(CC)c1nccc(-c2sc(NC(=O)N3CCC[C@H]3C(N)=O)nc2C)n1,6.77
CCOc1c(N)ncnc1N1CCC(c2nc(-c3ccc(F)c(C)c3)cn2CCN(C)C)CC1,8.77
O=c1cc(N2CCOCC2)nc2n(Cc3cccc(Cl)c3Cl)c(C3CC3)nn12,7.7
C[C@@H]1CN(c2cc(=O)c3cc(C(=O)N(C)C)cc(CN4CCOc5c(F)cc(F)cc54)c3o2)CCO1,8.52
C[C@H](N)COc1cnc(Cl)c(/C=C/c2ccncc2)c1,5.28
O=C(c1ccccc1F)N1CCN(Cc2ccc(-c3nnc4n3-c3cccnc3Nc3ccccc3-4)cc2)CC1,6.35
COc1ncc(-c2ccc3ncnc(-c4cccc(C(=O)N5CCN(C(C)=O)CC5)c4)c3c2)cc1C#N,7.31
COc1ccc(S(=O)(=O)Nc2cncc(-c3ccc4nc(NC(C)=O)sc4c3)n2)cc1,6.13
C[C@H]1COCCN1c1cc(C2(S(=O)(=O)C3CC3)CC2)nc(-c2ccc(NC(=S)NCCO)cc2)n1,8.24
Cc1nc2c(C(=O)O)cc(N3CCOCC3)nc2n1Cc1cccc(Cl)c1Cl,7.38
O=S(=O)(CC1CCCCC1)NC1CCN(Cc2ccc(-c3nnc4n3-c3cccnc3Nc3ccccc3-4)cc2)CC1,5.47
CC1(C)CNC(=O)c2sc(N3CCOC[C@@H]3Cc3c[nH]c4ccccc34)nc2C1,6.7
Oc1nc2ccccc2n1C1CCN(Cc2ccc(-c3nc4ccccc4nc3-c3ccccc3)cc2)CC1,6.54
Nc1nc2ccc(-c3cnc(Cl)c(NS(=O)(=O)c4ccc(F)cc4)c3)cc2s1,7.36
Cc1cc(F)cc(NC(C)c2cc(C(=O)N(C)C)cc3c(=O)cc(N4CCOCC4)oc23)c1,7.31
CNC(=O)Nc1ccc(-c2nc(N3CCOC[C@@H]3C)cc(C3(S(=O)(=O)c4ccncc4)CC3)n2)cc1,7.49
Cc1csc2cc([C@H](C)Nc3ncnc(N)c3C#N)c(Cc3cccc(CN(C)CC(C)C)c3)c(=O)n12,8.8
CCc1c(N)ncnc1N1CCC(c2nc(-c3ccc(F)c(C(F)(F)F)c3)cn2CCN2CC(C)C2)CC1,8.11
O=C1C(Nc2cccc(Br)c2)=C(Cl)C(=O)c2[nH]ncc21,4.86
CC(=O)Nc1cc(Nc2cc(NC3CC3)n3ncc(C#N)c3n2)cnc1C,7.38
CC(C)Oc1c(N)ncnc1N1CCC(c2nc(-c3ccc(F)c(Cl)c3)cn2CCN2CCCC2)CC1,8.7
CC(C)CCNCc1ccc(-c2nnc3n2-c2cccnc2Nc2ccccc2-3)cc1,5.36
COc1ccc(S(=O)(=O)Nc2cncc(-c3ccc4nc(NC(C)=O)sc4c3)c2)cc1,6.99
Cc1nn2c(=O)cc(N3CCOC(C)C3)nc2n1Cc1cccc(Cl)c1Cl,8.47
O=C(Cc1nc(N2CCOCC2)cc(=O)[nH]1)Nc1ccc(F)c(C2CC2)c1,6.64
CC(C)(C)c1nc2c(s1)CCc1nc(NC(=O)N3CCC[C@@]3(C)C(N)=O)sc1-2,7.55
O=C(Cc1nc(N2CCOCC2)cc(=O)[nH]1)Nc1ccc(F)c(I)c1,8.0
Cc1nc(NC(=O)N2CCC[C@H]2C(N)=O)sc1-c1csc(C(C)(C)C)n1,6.7
Cc1ccc(CC(CNC(C)C)C(=O)N2CCN(c3ncnc4c3[C@H](C)SC4)CC2)cc1,6.67
Nc1ncnc(N2CCC(c3nc(-c4ccc(F)c(C(F)(F)F)c4)cn3CCN3CCCCC3)CC2)c1-c1cccc(F)c1,7.07
Cn1ncc(Cl)c1-c1cc(C(=O)N[C@H](CN)Cc2ccc(F)c(F)c2)oc1Cl,7.12
O=S(=O)(Cc1ccccc1)NC1CCN(Cc2ccc(-c3nnc4n3-c3cccnc3Nc3ccccc3-4)cc2)CC1,5.75
N[C@H](CNc1cnc(Cl)c(/C=C/c2ccncc2)c1)Cc1c[nH]c2ccccc12,7.1
Nc1ncnc(N2CCC(c3nc(-c4ccc(F)c(C(F)(F)F)c4)cn3CCN3CCCCC3)CC2)c1Cl,8.05
COCCNCc1cccc(Cc2c([C@H](C)Nc3ncnc(N)c3C#N)cc3scc(C)n3c2=O)c1,8.6
CCn1c(-c2nonc2N)nc2c(C#CC(C)(C)O)ncc(OCC[C@@H](N)Cc3ccccc3)c21,7.0
COc1ccc(-c2ccc3c(N4CCOCC4)nc(N4C[C@H](C)O[C@H](C)C4)nc3n2)cc1CNCCO,7.21
CC(=O)OC[C@H]1O[C@@H](O[C@H]2[C@H](OC(C)=O)[C@@H](OC(C)=O)[C@H](n3[se]c4ccccc4c3=O)O[C@@H]2COC(C)=O)[C@H](OC(C)=O)[C@@H](OC(C)=O)[C@H]1OC(C)=O,6.08
Cn1c(CC(=O)N2CCc3ccc(F)cc32)nc(N2CCOCC2)cc1=O,6.91
C[C@H]1CN(S(C)(=O)=O)C[C@@H](C)N1Cc1cn2cc(-c3cnc(N)nc3)nc(N3CCOCC3)c2n1,6.61
O=C(CCc1ccccc1)Nc1ccc(-c2nnc3n2-c2cccnc2Nc2ccccc2-3)cc1,5.75
N#Cc1cc2c(cn1)[nH]c1ncc(-c3ccc(CN4CCCCC4)cc3)cc12,9.0
CN(C)CCCOc1ccc(-c2ccc3ncc4c(c3c2)n([C@H]2CCOC2)c(=O)n4C)cn1,6.58
O=C(NC1(c2ccc(-c3nnc4n3-c3cccnc3Nc3ccccc3-4)cc2)CCC1)c1ccccc1,7.14
CC(C)(C)c1ccc(-c2nnc3n2-c2cccnc2Nc2ccccc2-3)cc1,5.33
C[C@H](Nc1ncnc(N)c1C#N)c1nc2ccc(F)cc2c(N2CC(O)C2)c1-c1ccccn1,8.85
CC(C)NC(=O)N1Cc2nc(N)nc(-c3c(Cl)cc(Cl)cc3OCCCC(F)(F)F)c2C1,6.08
COc1cc2ncc3c(N)nc(-c4cncc(OC[C@H](N)CC(C)C)c4)cc3c2cc1OC,5.86
COc1ccc(C(=O)Nc2ccc(-c3nnc4n3-c3cccnc3Nc3ccccc3-4)cc2)cc1,6.8
O=C(Cc1nc(N2CCOCC2)c(F)c(=O)[nH]1)N1c2ccccc2CC1CO,6.25
CN(C)C(=O)c1cc(CN(CC#N)c2cc(F)cc(F)c2)c2oc(N3CCOCC3)cc(=O)c2c1,6.71
CCc1c(N)ncnc1N1CCC(c2nc(-c3ccc(F)c(C)c3)cn2CCN(CC)C(C)C)CC1,8.05
CO[C@H]1C[C@@H](n2c(=O)n(C)c3cnc4ccc(-c5ccc(OCCCN(C)C)nc5)cc4c32)C1,5.93
CCNC(=O)Nc1ccc(-c2nc3c(c(N4C[C@@H]5C[C@H]4CO5)n2)CS(=O)(=O)C3)cc1,5.89
Cc1n[nH]c2cnc(-c3cncc(OC[C@@H](N)Cc4ccc(C(F)(F)F)cc4)c3)cc12,7.75
COc1ccc(S(=O)(=O)Nc2cc(-c3ccc4nccc(=O)n4c3)cnc2OC)cc1,7.27
CN(C)CCCOc1ccc(-c2ccc3ncc4c(c3c2)n([C@H]2C[C@@H](O)C2)c(=O)n4C)cn1,5.97
O=C(O)c1sc(N2CCOCC2)nc1CC(=O)N1CCc2cc(F)ccc21,5.76
Cn1c(CC(=O)N2CC3(CCOCC3)c3ccccc32)nc(N2CCOCC2)cc1=O,6.97
O=C(Nc1ccc(-c2nnc3n2-c2cccnc2Nc2ccccc2-3)cc1)c1cccc2ccccc12,6.19
CC(C)n1ncnc1-c1nc2c(s1)CCOc1cc(-c3cnn(CCN)c3)ccc1-2,7.66
CS(=O)(=O)NCCC(NC(=O)C1(N)CCN(c2ncnc3[nH]ccc23)CC1)c1ccc(Cl)cc1,6.38
N[C@H](COc1cncc(-c2ccc3[nH]nc(Cl)c3c2)c1)Cc1c[nH]c2ccccc12,9.0
CN(C)C1CCN(C(=O)c2ccc(NC(=O)Nc3ccc(-c4nc(N5CCOCC5)nc(N5CCOCC5)n4)cc3)cc2)CC1,8.1
N#Cc1cnn2c(NC3CC3)cc(-n3ccc4ccc(CO)cc43)nc12,6.08
O=C(c1ccc(O)cc1O)N1CCCC1c1ccccc1,4.85
O=C(Cc1nc(N2CCOCC2)cc(=O)[nH]1)N1CCc2ncccc21,6.75
CC(C)n1ncnc1-c1nc2c(s1)CCOc1cc(C(N)=O)ccc1-2,6.75
Cc1ccc2nc(Cc3nc(N4CCOCC4)cc(=O)[nH]3)oc2c1,6.84
CN(C)C(=O)c1cc(C2CCCN2c2ccccc2)c2oc(N3CCOCC3)cc(=O)c2c1,8.49
CN(C)CCCOc1cccc2c1nc(C(F)F)n2-c1nc(N2CCOCC2)nc(N2CCOCC2)n1,7.44
CCc1cc(-c2c[nH]c3ncc(-c4ccn[nH]4)cc23)nc(N)n1,4.58
NC1(c2ccc(-c3nnc4n3-c3cccnc3Nc3ccccc3-4)cc2)CC1,6.85
Cn1c(CC(=O)Nc2ccc(F)c(I)c2)nc(N2CCOCC2)cc1=O,7.2
Nc1ncnc2c1c(-c1cc(O)cc(F)c1)nn2Cc1nc2cccc(C#CCOCCOCCO)c2c(=O)n1Cc1ccccc1C(F)(F)F,7.77
CCn1c(-c2nonc2N)nc2c(C#CCCO)ncc(OCCCN)c21,5.21
COCCCNC(=O)c1cn2cc(-c3cnc(N)nc3)nc(N3CCOCC3)c2n1,7.58
CCC[C@H](NC(=O)[C@H](CCCNC(=N)N)NC(=O)CN(CCCN)C(=O)[C@@H](N)CCCNC(=N)N)C(=O)N[C@@H](Cc1ccc(O)cc1)C(=O)N[C@@H](CN)C(=O)N[C@@H](CCC(C)C)C(=O)N(CCCCN)CC(N)=O,6.89
Cc1cc(-c2cn(CCN3CCC3)c(C3CCN(c4ncnc(N)c4Br)CC3)n2)ccc1F,10.0
CC1Cc2cc(F)ccc2N1C(=O)Cc1nc(N2CCOCC2)sc1C(=O)O,6.09
CC(C)n1ncnc1-c1nc2c(s1)CCOc1cc(-c3cn(C)cn3)ccc1-2,7.08
C[C@H](O)C(=O)N1CCC(n2c(=O)n(C)c3cnc4ccc(-c5cccc6[nH]ncc56)nc4c32)CC1,7.55
Nc1cnc(-c2nc(N3CCOCC3)nc(N3CCOCC3)n2)cn1,5.89
CCCCCCCCCCCCCCCCCCCCCCO[C@@H]1CCC[C@H]1COP(=O)([O-])OCC[N+](C)(C)C,5.19
NC[C@H](Cc1ccccc1F)NC(=O)c1cc(Br)c(-c2ccnc3[nH]ccc23)s1,6.66
CC1(C)O[C@@H]2CC(=O)O[C@@H]2C2=C1C(=O)c1ccccc1C2=O,5.84
N#Cc1c(N)ncnc1N[C@@H](CO)c1nn2cccc2c(=O)n1-c1ccccc1,7.29
Nc1cc(C(F)F)c(-c2cc(N3C4CCC3COC4)nc(N3C4CCC3COC4)n2)cn1,6.54
Cc1nc(N)nc(-c2cc(Cl)cnc2Nc2cnc(Cl)c(NS(C)(=O)=O)c2)n1,7.75
CN1CCN(c2ccc(-c3cnc(N)c(-c4ccc(C(=O)O)cc4)n3)cc2)CC1,6.09
C[C@H]1CN(Cc2cn3cc(-c4cnc(N)nc4)nc(N4CCOCC4)c3n2)CCN1S(C)(=O)=O,6.92
C[C@H]1COCCN1c1nc(-c2ccc(NC(=O)NCCO)cc2)nc2c1COC2(C)C,8.4
COc1ncc(-c2cc3c(C)nc(N)nc3n([C@H]3CC[C@H](OCO)CC3)c2=O)cc1F,8.28
CCn1c(-c2nonc2N)nc2c(C#CC(C)(C)O)nc(CN3CCCC3)cc21,8.22
C[C@@H](NC(=O)C1(N)CCN(c2ncnc3[nH]ccc23)CC1)c1ccc(Cl)cc1,5.34
O=C(O)c1sc(N2CCOCC2)nc1CC(=O)N1CCc2c(Cl)cccc21,5.7
N=C(c1ccccc1)n1c(=N)ccc2nc(-c3ccc(C4(N)CCC4)cc3)c(-c3ccccc3)cc21,8.64
NC1(c2ccc(-c3c(-c4ccccc4)ccc4ccnn34)cc2)CCC1,6.08
C=CC(=O)Nc1cccc(Nc2cc(Nc3cccc(Br)c3)ncn2)c1,6.98
Cc1nc(N)nc2c1cc(-c1cnc3ccccc3c1)c(=O)n2[C@H]1CC[C@H](OCC(N)=O)CC1,7.25
NC(=O)c1c(N)ncnc1N1CCC(c2nc(-c3ccnc(C(F)(F)F)c3)cn2CCN2CCC2)CC1,7.05
COc1ncc(Nc2ncc(C(O)C(F)(F)F)cc2-c2nc(C)nc(N)n2)cc1F,7.47
Cc1ccc(-c2cn(CCN3CCC3)c(C3CCN(c4ncnc(N)c4C#N)CC3)n2)cc1Cl,7.89
CCn1c(-c2nonc2N)nc2c(C#CC(C)(C)O)nc(OCCCN)cc21,7.8
C[C@H]1COCCN1c1cc(CS(=O)(=O)CCCO)nc(-c2ccc(NC(=O)NC3CC3)cc2)n1,6.21
Nc1ccc(-c2ccc3nc(NC(=O)CCCN4CCCCC4)sc3c2)cn1,6.44
COCCOc1ccccc1NC(=O)Cc1nc(N2CCOCC2)cc(=O)[nH]1,7.25
c1cc2c(cn1)[nH]c1ncc(-c3ccc(CN4CCCCC4)cc3)cc12,7.73
CCN(CC)n1c(=O)c(-c2cn[nH]c2)cc2c(C)nc(N)nc21,5.65
N[C@H](COc1cncc(-c2ccc3cnccc3c2)c1)Cc1c[nH]c2ccccc12,8.7
Cc1csc2cc([C@H](C)Nc3ncnc(N)c3C#N)c(Cc3cccc(CN)c3)c(=O)n12,7.4
CNCCn1cc(-c2ccnc(C(F)(F)F)c2)nc1C1CCN(c2ncnc(N)c2C2C=NOC2)CC1,6.92
N[C@H](COc1cncc(-c2ccc3c(c2)C(c2ccccn2)C(=O)N3)c1)Cc1c[nH]c2ccccc12,7.99
O=C(Cc1nc(N2CCOCC2)cc(=O)[nH]1)N1CCc2c(O)cccc21,7.15
N#Cc1c(N)ncnc1N1CCC(c2nc(-c3ccnc(C4CC4)c3)cn2CCN2CCC2)CC1,7.64
NC1(C(=O)NC(CCCN2CCOCC2)c2ccc(Cl)cc2)CCN(c2ncnc3[nH]ccc23)CC1,6.81
O=C(O)c1ccc(-c2cncc(-c3cccc(O)c3)n2)cc1,5.92
CC1Cc2c(OC(F)F)cccc2N1C(=O)Cc1nc(N2CCOCC2)cc(=O)n1C,7.22
CCCCCCCCCCCCC[C@@]1(C(=O)OCC)CCC[C@H]1OP(=O)([O-])OCC[N+](C)(C)C,5.51
Nc1ncccc1-c1nc2ccc(-c3cccnc3)nc2n1-c1ccc(CNC(=O)c2ccccc2)cc1,7.47
CCC(=O)N1CC[C@H](Nc2ncnc3c2CN(c2cnc(OC)c(C)c2)CC3)C1,6.61
Cc1nc(N)nc(-c2cc(C3CCOCC3)cnc2Nc2cnc(Cl)c(NS(C)(=O)=O)c2)n1,8.85
O=S(=O)(Nc1cc(-c2ccc3nccn3c2)cnc1Cl)c1ccc(F)cc1,6.24
CC(=O)Nc1cc(Nc2cc(NC3COC3)n3ncc(C#N)c3n2)c(F)cc1C1CC1,8.52
Cn1c(=O)n(C2CC2)c2c3cc(-c4cnc(N)nc4)ccc3ncc21,6.61
CO[C@H]1C[C@@H](n2c(=O)n(C)c3cnc4ccc(-c5ccc(OCCCN(C)C)nc5F)cc4c32)C1,5.56
COc1ccc(CCNC(=O)NC2CCN(Cc3ccc(-c4nnc5n4-c4cccnc4Nc4ccccc4-5)cc3)CC2)cc1OC,5.22
COc1cc2ncc3c(N)nc(-c4cncc(OC[C@H](N)Cc5cccc(C(F)(F)F)c5)c4)cc3c2cc1OC,6.05
Cc1nc(N)nc2c1cc(-c1cnc3ccccc3c1)c(=O)n2[C@H]1CC[C@@H](OCO)CC1,6.98
NC[C@H](Cc1ccccc1C(F)(F)F)NC(=O)c1cc(Br)c(-c2ccnc3[nH]ccc23)s1,7.3
CS(=O)(=O)Cc1cc(N2CCOCC2)nc(-c2ccc3[nH]ccc3c2)n1,5.24
C[C@]1(O)C[C@@](N)(c2ccc(-c3nc4ccc5nnc(C(F)F)n5c4cc3-c3ccccc3)cc2)C1,9.42
N[C@H](COc1cncc(/C=C/c2ccncc2)c1)Cc1ccccc1,6.16
Cn1c(=O)n(C2COC2)c2c3cc(-c4ccc(OCCCN5CCCCC5)nc4)ccc3ncc21,4.91
COc1cnc(Nc2cnc(Cl)c(NS(C)(=O)=O)c2)c(-c2nc(C)nc(N)n2)c1,8.41
COc1cc2ncc3c(N)nc(-c4cncc(OC[C@H](N)Cc5c[nH]c6ccccc56)c4)cc3c2cc1OC,5.88
NC1(C(=O)NC(CCS(N)(=O)=O)c2ccc(Cl)cc2)CCN(c2ncnc3[nH]ccc23)CC1,6.06
CN(C)C[C@H]1CN(C(=O)Cc2nc(N3CCOCC3)cc(=O)[nH]2)c2ccccc21,7.58
CCNC(=O)Nc1ccc(-c2nc3c(c(N4CCOC[C@@H]4C)n2)[C@H]2CC[C@@H](C3)N2C(C)=O)cc1,7.52
N[C@H](COc1cnc(-c2ccco2)c(-c2ccc3cnccc3c2)c1)Cc1c[nH]c2ccccc12,8.82
Cc1nc(-c2nc3c(s2)CCOc2cc(-c4cnn(CCO)c4)ccc2-3)n(C(C)C)n1,7.05
CCn1c(-c2nonc2N)nc2c(C#CC(C)(C)O)nc(OC[C@@H](N)c3ccccc3)cc21,8.3
CNC(=O)Nc1ccc(-c2nc(CS(=O)(=O)C3CCCCC3)cc(N3CCOC[C@@H]3C)n2)cc1,6.03
CCCCCCNC(=O)[C@H](Cc1ccccc1)NC(=O)[C@@H](NC(=O)c1ccc(NC(=O)[C@H](CCCNC(=N)N)NC(=O)[C@@H]2CCCN2C(=O)[C@H](CCCNC(=N)N)NC(=O)CNC(C)=O)cc1)C(C)C,4.28
COc1ncc(-c2cc3c(C)nc(N)nc3n([C@H]3CC[C@H](OCC(N)=O)CC3)c2=O)cc1F,8.23
CC(Nc1ncnc(N)c1C#N)c1nc2ccc(F)cc2c(NCCO)c1-c1ccccc1,8.51
CC(C)[C@H](NC(=O)c1ccc(NC(=N)N)cc1)C(=O)N[C@@H](Cc1ccccc1)C(=O)NCc1ccccc1,4.11
C[C@H](O)C(=O)N1CCC(CCn2c(Sc3cc4c(cc3Br)OCO4)nc3c(N)ncnc32)CC1,7.0
CCc1c(N)ncnc1N1CCC(c2nc(-c3ccc(F)cc3)cn2CCN2CC3(COC3)C2)CC1,6.89
COc1ccc(-c2cc3c(C)nc(N)nc3n(C3CCCC3)c2=O)cn1,7.8
Cc1nc(NCC#N)nc(-n2c(Nc3cc[nH]n3)nc3ccccc32)n1,7.14
O=C(Cc1nc(N2CCOCC2)cc(=O)[nH]1)N1c2ccccc2CC1c1ccccc1,8.3
CCc1c(N)ncnc1N1CCC(c2nc(-c3cccc(Cl)c3)cn2CCN2CCC2)CC1,7.8
COc1cc(-c2cc(=O)[nH]c(CC(=O)N3CCc4c(F)cccc43)n2)ccn1,5.52
CN1CC(Cn2cc(-c3ccc(F)c(C(F)(F)F)c3)nc2C2CCN(c3ncnc(N)c3C(N)=O)CC2)C1,7.09
O=C(Cc1nc(N2CCOCC2)cc(=O)[nH]1)N1c2ccccc2C2CCCC21,7.52
CCn1c(-c2nonc2N)nc2c(C#CC(C)(C)O)nc(OCCN)cc21,8.3
N[C@H](COc1cncc(-c2ccc3[nH]nc(C(F)(F)F)c3c2)c1)Cc1c[nH]c2ccccc12,8.74
O=C(Cc1nc(N2CCOCC2)cc(=O)[nH]1)N1CCc2cc(F)ccc21,8.15
COCCN(C)CCn1cc(-c2ccc(F)c(C(F)(F)F)c2)nc1C1CCN(c2ncnc(N)c2C#N)CC1,7.58
N[C@H](COc1cncc(-c2ccc3c(c2)C(c2ccco2)C(=O)N3)c1)Cc1c[nH]c2ccccc12,9.77
O=C(Cc1nc(N2CCOCC2)cc(=O)[nH]1)Nc1ccc(F)c(F)c1,7.64
C[C@H]1CCC[C@@H](C)N1Cc1ccc(-c2cnc3[nH]c4cnc(C#N)cc4c3c2)cc1,8.68
CCc1c(N)ncnc1N1CCC(c2nc(-c3cnc(N(C)C)nc3)cn2CCN2CCC2)CC1,5.24
Nc1cc(C(F)F)c(-c2nc(N3C4COCC3COC4)nc(N3C4COCC3COC4)n2)cn1,6.45
CCc1c(N)ncnc1N1CCC(c2nc(-c3ccnc(C(C)C)c3)cn2CCN2CCC2)CC1,8.38
CCc1c(N)ncnc1N1CCC(c2nc(-c3ccc(OC)c(C(N)=O)c3)cn2CCN2CCC2)CC1,6.8
Cc1ccc(-c2cn(CCN3CCC3)c(C3CCN(c4ncnc(N)c4C#N)CC3)n2)cc1C(F)(F)F,7.62
Cc1n[nH]c2cnc(-c3cncc(OC[C@@H](N)Cc4c(F)cccc4F)c3)cc12,7.18
N[C@H](COc1cncc(-c2ccc3c(c2)C(=O)C(=O)N3)c1)Cc1c[nH]c2ccccc12,8.27
CCNC(=O)c1ccc(C2CCCN2C(=O)c2cc(Cl)c(O)cc2O)c(C)c1,5.32
NC(=O)c1c(N)ncnc1N1CCC(c2nc(-c3ccc(F)c(F)c3)cn2CCN2CCCC2)CC1,6.92
CCC(=O)N1CC[C@H](Oc2ncnc3c2CN(c2ccc(OC)nc2)CC3)C1,5.27
Cc1nc(N)nc2c1cc(-c1cn[nH]c1)c(=O)n2[C@H]1CC[C@H](OCO)CC1,7.59
CCc1c(N)ncnc1N1CCC(c2nc(-c3cccc(OC(F)(F)F)c3)cn2CCN2CCC2)CC1,7.8
NC1(c2ccc(-n3c(-c4cccnc4F)nc4ccc(-c5ccccc5)nc43)cc2)CCC1,8.14
NC(=O)c1ccc2c(c1)OCCc1cc(-c3n[nH]c(=O)n3-c3ccccc3Cl)sc1-2,7.7
Nc1cc(C(F)F)c(-c2nc(N3C4CCCC3COC4)nc(N3C4CCCC3COC4)n2)cn1,5.92
N[C@H](COc1cncc(-c2ccc3c(c2)C(c2ccc[nH]2)C(=O)N3)c1)Cc1c[nH]c2ccccc12,8.82
C[C@@H]1CCN(C(=O)Nc2nc3c(s2)-c2nc(C(C)(C)C(F)(F)F)sc2CC3)[C@@H]1C(N)=O,8.3
Cc1cc(-c2cn(CCNC(C)C)c(C3CCN(c4ncnc(N)c4C#N)CC3)n2)ccc1F,8.54
C[C@H]1COCCN1c1nc(-c2ccc(Nc3cccc(=O)[nH]3)cc2)nc2c1COC2(C)C,8.03
